Copyright 1986-2022 Xilinx, Inc. All Rights Reserved. Copyright 2022-2026 Advanced Micro Devices, Inc. All Rights Reserved.
---------------------------------------------------------------------------------------------------------------------------------------------------------------------------------------------------------------------------------------------------------------------
| Tool Version : Vivado v.2026.1 (win64) Build 6511674 Tue Jun 16 11:02:23 MDT 2026
| Date         : Fri Sep  4 10:27:40 2026
| Host         : LAPTOP-8GS5ALPD running 64-bit major release  (build 9200)
| Command      : report_timing_summary -max_paths 10 -routable_nets -report_unconstrained -file vending_machine_top_timing_summary_routed.rpt -pb vending_machine_top_timing_summary_routed.pb -rpx vending_machine_top_timing_summary_routed.rpx -warn_on_violation
| Design       : vending_machine_top
| Device       : 7a75t-fgg484
| Speed File   : -2  PRODUCTION 1.23 2018-06-13
| Design State : Routed
---------------------------------------------------------------------------------------------------------------------------------------------------------------------------------------------------------------------------------------------------------------------

Timing Summary Report

------------------------------------------------------------------------------------------------
| Timer Settings
| --------------
------------------------------------------------------------------------------------------------

  Enable Multi Corner Analysis               :  Yes
  Enable Pessimism Removal                   :  Yes
  Pessimism Removal Resolution               :  Nearest Common Node
  Enable Input Delay Default Clock           :  No
  Enable Preset / Clear Arcs                 :  No
  Disable Flight Delays                      :  No
  Ignore I/O Paths                           :  No
  Timing Early Launch at Borrowing Latches   :  No
  Borrow Time for Max Delay Exceptions       :  Yes
  Merge Timing Exceptions                    :  Yes
  Inter-SLR Compensation                     :  Conservative

  Corner  Analyze    Analyze    
  Name    Max Paths  Min Paths  
  ------  ---------  ---------  
  Slow    Yes        Yes        
  Fast    Yes        Yes        


------------------------------------------------------------------------------------------------
| Report Methodology
| ------------------
------------------------------------------------------------------------------------------------

Rule       Severity  Description                    Violations  
---------  --------  -----------------------------  ----------  
LUTAR-1    Warning   LUT drives async reset alert   1           
TIMING-18  Warning   Missing input or output delay  29          

Note: This report is based on the most recent report_methodology run and may not be up-to-date. Run report_methodology on the current design for the latest report.



check_timing report

Table of Contents
-----------------
1. checking no_clock (0)
2. checking constant_clock (0)
3. checking pulse_width_clock (0)
4. checking unconstrained_internal_endpoints (0)
5. checking no_input_delay (8)
6. checking no_output_delay (20)
7. checking multiple_clock (0)
8. checking generated_clocks (0)
9. checking loops (0)
10. checking partial_input_delay (0)
11. checking partial_output_delay (0)
12. checking latch_loops (0)

1. checking no_clock (0)
------------------------
 There are 0 register/latch pins with no clock.


2. checking constant_clock (0)
------------------------------
 There are 0 register/latch pins with constant_clock.


3. checking pulse_width_clock (0)
---------------------------------
 There are 0 register/latch pins which need pulse_width check


4. checking unconstrained_internal_endpoints (0)
------------------------------------------------
 There are 0 pins that are not constrained for maximum delay.

 There are 0 pins that are not constrained for maximum delay due to constant clock.


5. checking no_input_delay (8)
------------------------------
 There are 8 input ports with no input delay specified. (HIGH)

 There are 0 input ports with no input delay but user has a false path constraint.


6. checking no_output_delay (20)
--------------------------------
 There are 20 ports with no output delay specified. (HIGH)

 There are 0 ports with no output delay but user has a false path constraint

 There are 0 ports with no output delay but with a timing clock defined on it or propagating through it


7. checking multiple_clock (0)
------------------------------
 There are 0 register/latch pins with multiple clocks.


8. checking generated_clocks (0)
--------------------------------
 There are 0 generated clocks that are not connected to a clock source.


9. checking loops (0)
---------------------
 There are 0 combinational loops in the design.


10. checking partial_input_delay (0)
------------------------------------
 There are 0 input ports with partial input delay specified.


11. checking partial_output_delay (0)
-------------------------------------
 There are 0 ports with partial output delay specified.


12. checking latch_loops (0)
----------------------------
 There are 0 combinational latch loops in the design through latch input



------------------------------------------------------------------------------------------------
| Design Timing Summary
| ---------------------
------------------------------------------------------------------------------------------------

    WNS(ns)      TNS(ns)  TNS Failing Endpoints  TNS Total Endpoints      WHS(ns)      THS(ns)  THS Failing Endpoints  THS Total Endpoints     WPWS(ns)     TPWS(ns)  TPWS Failing Endpoints  TPWS Total Endpoints  
    -------      -------  ---------------------  -------------------      -------      -------  ---------------------  -------------------     --------     --------  ----------------------  --------------------  
     13.404        0.000                      0                  565        0.127        0.000                      0                  565        9.500        0.000                       0                   255  


All user specified timing constraints are met.


------------------------------------------------------------------------------------------------
| Clock Summary
| -------------
------------------------------------------------------------------------------------------------

Clock    Waveform(ns)       Period(ns)      Frequency(MHz)
-----    ------------       ----------      --------------
sys_clk  {0.000 10.000}     20.000          50.000          


------------------------------------------------------------------------------------------------
| Intra Clock Table
| -----------------
------------------------------------------------------------------------------------------------

Clock             WNS(ns)      TNS(ns)  TNS Failing Endpoints  TNS Total Endpoints      WHS(ns)      THS(ns)  THS Failing Endpoints  THS Total Endpoints     WPWS(ns)     TPWS(ns)  TPWS Failing Endpoints  TPWS Total Endpoints  
-----             -------      -------  ---------------------  -------------------      -------      -------  ---------------------  -------------------     --------     --------  ----------------------  --------------------  
sys_clk            13.943        0.000                      0                  393        0.127        0.000                      0                  393        9.500        0.000                       0                   255  


------------------------------------------------------------------------------------------------
| Inter Clock Table
| -----------------
------------------------------------------------------------------------------------------------

From Clock    To Clock          WNS(ns)      TNS(ns)  TNS Failing Endpoints  TNS Total Endpoints      WHS(ns)      THS(ns)  THS Failing Endpoints  THS Total Endpoints  
----------    --------          -------      -------  ---------------------  -------------------      -------      -------  ---------------------  -------------------  


------------------------------------------------------------------------------------------------
| Other Path Groups Table
| -----------------------
------------------------------------------------------------------------------------------------

Path Group         From Clock         To Clock               WNS(ns)      TNS(ns)  TNS Failing Endpoints  TNS Total Endpoints      WHS(ns)      THS(ns)  THS Failing Endpoints  THS Total Endpoints  
----------         ----------         --------               -------      -------  ---------------------  -------------------      -------      -------  ---------------------  -------------------  
**async_default**  sys_clk            sys_clk                 13.404        0.000                      0                  172        0.871        0.000                      0                  172  


------------------------------------------------------------------------------------------------
| User Ignored Path Table
| -----------------------
------------------------------------------------------------------------------------------------

Path Group    From Clock    To Clock    
----------    ----------    --------    


------------------------------------------------------------------------------------------------
| Unconstrained Path Table
| ------------------------
------------------------------------------------------------------------------------------------

Path Group    From Clock    To Clock    
----------    ----------    --------    
(none)        sys_clk                     
(none)                      sys_clk       


------------------------------------------------------------------------------------------------
| Timing Details
| --------------
------------------------------------------------------------------------------------------------


---------------------------------------------------------------------------------------------------
From Clock:  sys_clk
  To Clock:  sys_clk

Setup :            0  Failing Endpoints,  Worst Slack       13.943ns,  Total Violation        0.000ns
Hold  :            0  Failing Endpoints,  Worst Slack        0.127ns,  Total Violation        0.000ns
PW    :            0  Failing Endpoints,  Worst Slack        9.500ns,  Total Violation        0.000ns
---------------------------------------------------------------------------------------------------


Max Delay Paths
--------------------------------------------------------------------------------------
Slack (MET) :             13.943ns  (required time - arrival time)
  Source:                 core/paid_amount_reg[1]/C
                            (rising edge-triggered cell FDCE clocked by sys_clk  {rise@0.000ns fall@10.000ns period=20.000ns})
  Destination:            core/vend_counter_reg[0]/CE
                            (rising edge-triggered cell FDCE clocked by sys_clk  {rise@0.000ns fall@10.000ns period=20.000ns})
  Path Group:             sys_clk
  Path Type:              Setup (Max at Slow Process Corner)
  Requirement:            20.000ns  (sys_clk rise@20.000ns - sys_clk rise@0.000ns)
  Data Path Delay:        5.844ns  (logic 1.913ns (32.737%)  route 3.931ns (67.263%))
  Logic Levels:           7  (CARRY4=3 LUT2=1 LUT4=1 LUT6=2)
  Clock Path Skew:        -0.042ns (DCD - SCD + CPR)
    Destination Clock Delay (DCD):    4.451ns = ( 24.451 - 20.000 ) 
    Source Clock Delay      (SCD):    4.719ns
    Clock Pessimism Removal (CPR):    0.225ns
  Clock Uncertainty:      0.035ns  ((TSJ^2 + TIJ^2)^1/2 + DJ) / 2 + PE
    Total System Jitter     (TSJ):    0.071ns
    Total Input Jitter      (TIJ):    0.000ns
    Discrete Jitter          (DJ):    0.000ns
    Phase Error              (PE):    0.000ns

    Location             Delay type                Incr(ns)  Path(ns)    Netlist Resource(s)
  -------------------------------------------------------------------    -------------------
                         (clock sys_clk rise edge)    0.000     0.000 r  <hidden>
    Y18                                               0.000     0.000 r  clk
                         net (fo=0)                   0.000     0.000    clk
    Y18                  IBUF (Prop_ibuf_I_O)         1.476     1.476 r  clk_IBUF_inst/O
                         net (fo=1, routed)           1.709     3.185    clk_IBUF
    BUFGCTRL_X0Y0        BUFG (Prop_bufg_I_O)         0.081     3.266 r  clk_IBUF_BUFG_inst/O
                         net (fo=254, routed)         1.453     4.719    core/CLK
    SLICE_X87Y67         FDCE                                         r  core/paid_amount_reg[1]/C
  -------------------------------------------------------------------    -------------------
    SLICE_X87Y67         FDCE (Prop_fdce_C_Q)         0.379     5.098 r  core/paid_amount_reg[1]/Q
                         net (fo=21, routed)          0.714     5.812    core/paid_amount[1]
    SLICE_X88Y67         LUT2 (Prop_lut2_I0_O)        0.105     5.917 r  core/i__carry_i_8__0/O
                         net (fo=1, routed)           0.000     5.917    core/i__carry_i_8__0_n_0
    SLICE_X88Y67         CARRY4 (Prop_carry4_S[1]_CO[3])
                                                      0.444     6.361 r  core/i__carry_i_1__1/CO[3]
                         net (fo=1, routed)           0.000     6.361    core/i__carry_i_1__1_n_0
    SLICE_X88Y68         CARRY4 (Prop_carry4_CI_O[2])
                                                      0.199     6.560 r  core/i__carry__0_i_1__0/O[2]
                         net (fo=5, routed)           0.693     7.253    core/i__carry__0_i_1__0_n_5
    SLICE_X87Y68         LUT4 (Prop_lut4_I3_O)        0.244     7.497 r  core/state0_carry_i_5/O
                         net (fo=1, routed)           0.000     7.497    core/state0_carry_i_5_n_0
    SLICE_X87Y68         CARRY4 (Prop_carry4_S[3]_CO[3])
                                                      0.332     7.829 r  core/state0_carry/CO[3]
                         net (fo=3, routed)           0.855     8.684    core/state0
    SLICE_X83Y67         LUT6 (Prop_lut6_I2_O)        0.105     8.789 r  core/FSM_sequential_state[2]_i_4/O
                         net (fo=5, routed)           0.550     9.339    core/FSM_sequential_state[2]_i_4_n_0
    SLICE_X82Y60         LUT6 (Prop_lut6_I1_O)        0.105     9.444 r  core/vend_counter[31]_i_1/O
                         net (fo=32, routed)          1.118    10.562    core/vend_counter[31]_i_1_n_0
    SLICE_X80Y54         FDCE                                         r  core/vend_counter_reg[0]/CE
  -------------------------------------------------------------------    -------------------

                         (clock sys_clk rise edge)   20.000    20.000 r  <hidden>
    Y18                                               0.000    20.000 r  clk
                         net (fo=0)                   0.000    20.000    clk
    Y18                  IBUF (Prop_ibuf_I_O)         1.409    21.409 r  clk_IBUF_inst/O
                         net (fo=1, routed)           1.620    23.030    clk_IBUF
    BUFGCTRL_X0Y0        BUFG (Prop_bufg_I_O)         0.077    23.107 r  clk_IBUF_BUFG_inst/O
                         net (fo=254, routed)         1.345    24.451    core/CLK
    SLICE_X80Y54         FDCE                                         r  core/vend_counter_reg[0]/C
                         clock pessimism              0.225    24.677    <hidden>
                         clock uncertainty           -0.035    24.641    <hidden>
    SLICE_X80Y54         FDCE (Setup_fdce_C_CE)      -0.136    24.505    core/vend_counter_reg[0]
  -------------------------------------------------------------------
                         required time                         24.505    <hidden>
                         arrival time                         -10.562    <hidden>
  -------------------------------------------------------------------
                         slack                                 13.943    <hidden>

Slack (MET) :             13.943ns  (required time - arrival time)
  Source:                 core/paid_amount_reg[1]/C
                            (rising edge-triggered cell FDCE clocked by sys_clk  {rise@0.000ns fall@10.000ns period=20.000ns})
  Destination:            core/vend_counter_reg[1]/CE
                            (rising edge-triggered cell FDCE clocked by sys_clk  {rise@0.000ns fall@10.000ns period=20.000ns})
  Path Group:             sys_clk
  Path Type:              Setup (Max at Slow Process Corner)
  Requirement:            20.000ns  (sys_clk rise@20.000ns - sys_clk rise@0.000ns)
  Data Path Delay:        5.844ns  (logic 1.913ns (32.737%)  route 3.931ns (67.263%))
  Logic Levels:           7  (CARRY4=3 LUT2=1 LUT4=1 LUT6=2)
  Clock Path Skew:        -0.042ns (DCD - SCD + CPR)
    Destination Clock Delay (DCD):    4.451ns = ( 24.451 - 20.000 ) 
    Source Clock Delay      (SCD):    4.719ns
    Clock Pessimism Removal (CPR):    0.225ns
  Clock Uncertainty:      0.035ns  ((TSJ^2 + TIJ^2)^1/2 + DJ) / 2 + PE
    Total System Jitter     (TSJ):    0.071ns
    Total Input Jitter      (TIJ):    0.000ns
    Discrete Jitter          (DJ):    0.000ns
    Phase Error              (PE):    0.000ns

    Location             Delay type                Incr(ns)  Path(ns)    Netlist Resource(s)
  -------------------------------------------------------------------    -------------------
                         (clock sys_clk rise edge)    0.000     0.000 r  <hidden>
    Y18                                               0.000     0.000 r  clk
                         net (fo=0)                   0.000     0.000    clk
    Y18                  IBUF (Prop_ibuf_I_O)         1.476     1.476 r  clk_IBUF_inst/O
                         net (fo=1, routed)           1.709     3.185    clk_IBUF
    BUFGCTRL_X0Y0        BUFG (Prop_bufg_I_O)         0.081     3.266 r  clk_IBUF_BUFG_inst/O
                         net (fo=254, routed)         1.453     4.719    core/CLK
    SLICE_X87Y67         FDCE                                         r  core/paid_amount_reg[1]/C
  -------------------------------------------------------------------    -------------------
    SLICE_X87Y67         FDCE (Prop_fdce_C_Q)         0.379     5.098 r  core/paid_amount_reg[1]/Q
                         net (fo=21, routed)          0.714     5.812    core/paid_amount[1]
    SLICE_X88Y67         LUT2 (Prop_lut2_I0_O)        0.105     5.917 r  core/i__carry_i_8__0/O
                         net (fo=1, routed)           0.000     5.917    core/i__carry_i_8__0_n_0
    SLICE_X88Y67         CARRY4 (Prop_carry4_S[1]_CO[3])
                                                      0.444     6.361 r  core/i__carry_i_1__1/CO[3]
                         net (fo=1, routed)           0.000     6.361    core/i__carry_i_1__1_n_0
    SLICE_X88Y68         CARRY4 (Prop_carry4_CI_O[2])
                                                      0.199     6.560 r  core/i__carry__0_i_1__0/O[2]
                         net (fo=5, routed)           0.693     7.253    core/i__carry__0_i_1__0_n_5
    SLICE_X87Y68         LUT4 (Prop_lut4_I3_O)        0.244     7.497 r  core/state0_carry_i_5/O
                         net (fo=1, routed)           0.000     7.497    core/state0_carry_i_5_n_0
    SLICE_X87Y68         CARRY4 (Prop_carry4_S[3]_CO[3])
                                                      0.332     7.829 r  core/state0_carry/CO[3]
                         net (fo=3, routed)           0.855     8.684    core/state0
    SLICE_X83Y67         LUT6 (Prop_lut6_I2_O)        0.105     8.789 r  core/FSM_sequential_state[2]_i_4/O
                         net (fo=5, routed)           0.550     9.339    core/FSM_sequential_state[2]_i_4_n_0
    SLICE_X82Y60         LUT6 (Prop_lut6_I1_O)        0.105     9.444 r  core/vend_counter[31]_i_1/O
                         net (fo=32, routed)          1.118    10.562    core/vend_counter[31]_i_1_n_0
    SLICE_X80Y54         FDCE                                         r  core/vend_counter_reg[1]/CE
  -------------------------------------------------------------------    -------------------

                         (clock sys_clk rise edge)   20.000    20.000 r  <hidden>
    Y18                                               0.000    20.000 r  clk
                         net (fo=0)                   0.000    20.000    clk
    Y18                  IBUF (Prop_ibuf_I_O)         1.409    21.409 r  clk_IBUF_inst/O
                         net (fo=1, routed)           1.620    23.030    clk_IBUF
    BUFGCTRL_X0Y0        BUFG (Prop_bufg_I_O)         0.077    23.107 r  clk_IBUF_BUFG_inst/O
                         net (fo=254, routed)         1.345    24.451    core/CLK
    SLICE_X80Y54         FDCE                                         r  core/vend_counter_reg[1]/C
                         clock pessimism              0.225    24.677    <hidden>
                         clock uncertainty           -0.035    24.641    <hidden>
    SLICE_X80Y54         FDCE (Setup_fdce_C_CE)      -0.136    24.505    core/vend_counter_reg[1]
  -------------------------------------------------------------------
                         required time                         24.505    <hidden>
                         arrival time                         -10.562    <hidden>
  -------------------------------------------------------------------
                         slack                                 13.943    <hidden>

Slack (MET) :             13.943ns  (required time - arrival time)
  Source:                 core/paid_amount_reg[1]/C
                            (rising edge-triggered cell FDCE clocked by sys_clk  {rise@0.000ns fall@10.000ns period=20.000ns})
  Destination:            core/vend_counter_reg[2]/CE
                            (rising edge-triggered cell FDCE clocked by sys_clk  {rise@0.000ns fall@10.000ns period=20.000ns})
  Path Group:             sys_clk
  Path Type:              Setup (Max at Slow Process Corner)
  Requirement:            20.000ns  (sys_clk rise@20.000ns - sys_clk rise@0.000ns)
  Data Path Delay:        5.844ns  (logic 1.913ns (32.737%)  route 3.931ns (67.263%))
  Logic Levels:           7  (CARRY4=3 LUT2=1 LUT4=1 LUT6=2)
  Clock Path Skew:        -0.042ns (DCD - SCD + CPR)
    Destination Clock Delay (DCD):    4.451ns = ( 24.451 - 20.000 ) 
    Source Clock Delay      (SCD):    4.719ns
    Clock Pessimism Removal (CPR):    0.225ns
  Clock Uncertainty:      0.035ns  ((TSJ^2 + TIJ^2)^1/2 + DJ) / 2 + PE
    Total System Jitter     (TSJ):    0.071ns
    Total Input Jitter      (TIJ):    0.000ns
    Discrete Jitter          (DJ):    0.000ns
    Phase Error              (PE):    0.000ns

    Location             Delay type                Incr(ns)  Path(ns)    Netlist Resource(s)
  -------------------------------------------------------------------    -------------------
                         (clock sys_clk rise edge)    0.000     0.000 r  <hidden>
    Y18                                               0.000     0.000 r  clk
                         net (fo=0)                   0.000     0.000    clk
    Y18                  IBUF (Prop_ibuf_I_O)         1.476     1.476 r  clk_IBUF_inst/O
                         net (fo=1, routed)           1.709     3.185    clk_IBUF
    BUFGCTRL_X0Y0        BUFG (Prop_bufg_I_O)         0.081     3.266 r  clk_IBUF_BUFG_inst/O
                         net (fo=254, routed)         1.453     4.719    core/CLK
    SLICE_X87Y67         FDCE                                         r  core/paid_amount_reg[1]/C
  -------------------------------------------------------------------    -------------------
    SLICE_X87Y67         FDCE (Prop_fdce_C_Q)         0.379     5.098 r  core/paid_amount_reg[1]/Q
                         net (fo=21, routed)          0.714     5.812    core/paid_amount[1]
    SLICE_X88Y67         LUT2 (Prop_lut2_I0_O)        0.105     5.917 r  core/i__carry_i_8__0/O
                         net (fo=1, routed)           0.000     5.917    core/i__carry_i_8__0_n_0
    SLICE_X88Y67         CARRY4 (Prop_carry4_S[1]_CO[3])
                                                      0.444     6.361 r  core/i__carry_i_1__1/CO[3]
                         net (fo=1, routed)           0.000     6.361    core/i__carry_i_1__1_n_0
    SLICE_X88Y68         CARRY4 (Prop_carry4_CI_O[2])
                                                      0.199     6.560 r  core/i__carry__0_i_1__0/O[2]
                         net (fo=5, routed)           0.693     7.253    core/i__carry__0_i_1__0_n_5
    SLICE_X87Y68         LUT4 (Prop_lut4_I3_O)        0.244     7.497 r  core/state0_carry_i_5/O
                         net (fo=1, routed)           0.000     7.497    core/state0_carry_i_5_n_0
    SLICE_X87Y68         CARRY4 (Prop_carry4_S[3]_CO[3])
                                                      0.332     7.829 r  core/state0_carry/CO[3]
                         net (fo=3, routed)           0.855     8.684    core/state0
    SLICE_X83Y67         LUT6 (Prop_lut6_I2_O)        0.105     8.789 r  core/FSM_sequential_state[2]_i_4/O
                         net (fo=5, routed)           0.550     9.339    core/FSM_sequential_state[2]_i_4_n_0
    SLICE_X82Y60         LUT6 (Prop_lut6_I1_O)        0.105     9.444 r  core/vend_counter[31]_i_1/O
                         net (fo=32, routed)          1.118    10.562    core/vend_counter[31]_i_1_n_0
    SLICE_X80Y54         FDCE                                         r  core/vend_counter_reg[2]/CE
  -------------------------------------------------------------------    -------------------

                         (clock sys_clk rise edge)   20.000    20.000 r  <hidden>
    Y18                                               0.000    20.000 r  clk
                         net (fo=0)                   0.000    20.000    clk
    Y18                  IBUF (Prop_ibuf_I_O)         1.409    21.409 r  clk_IBUF_inst/O
                         net (fo=1, routed)           1.620    23.030    clk_IBUF
    BUFGCTRL_X0Y0        BUFG (Prop_bufg_I_O)         0.077    23.107 r  clk_IBUF_BUFG_inst/O
                         net (fo=254, routed)         1.345    24.451    core/CLK
    SLICE_X80Y54         FDCE                                         r  core/vend_counter_reg[2]/C
                         clock pessimism              0.225    24.677    <hidden>
                         clock uncertainty           -0.035    24.641    <hidden>
    SLICE_X80Y54         FDCE (Setup_fdce_C_CE)      -0.136    24.505    core/vend_counter_reg[2]
  -------------------------------------------------------------------
                         required time                         24.505    <hidden>
                         arrival time                         -10.562    <hidden>
  -------------------------------------------------------------------
                         slack                                 13.943    <hidden>

Slack (MET) :             13.943ns  (required time - arrival time)
  Source:                 core/paid_amount_reg[1]/C
                            (rising edge-triggered cell FDCE clocked by sys_clk  {rise@0.000ns fall@10.000ns period=20.000ns})
  Destination:            core/vend_counter_reg[3]/CE
                            (rising edge-triggered cell FDCE clocked by sys_clk  {rise@0.000ns fall@10.000ns period=20.000ns})
  Path Group:             sys_clk
  Path Type:              Setup (Max at Slow Process Corner)
  Requirement:            20.000ns  (sys_clk rise@20.000ns - sys_clk rise@0.000ns)
  Data Path Delay:        5.844ns  (logic 1.913ns (32.737%)  route 3.931ns (67.263%))
  Logic Levels:           7  (CARRY4=3 LUT2=1 LUT4=1 LUT6=2)
  Clock Path Skew:        -0.042ns (DCD - SCD + CPR)
    Destination Clock Delay (DCD):    4.451ns = ( 24.451 - 20.000 ) 
    Source Clock Delay      (SCD):    4.719ns
    Clock Pessimism Removal (CPR):    0.225ns
  Clock Uncertainty:      0.035ns  ((TSJ^2 + TIJ^2)^1/2 + DJ) / 2 + PE
    Total System Jitter     (TSJ):    0.071ns
    Total Input Jitter      (TIJ):    0.000ns
    Discrete Jitter          (DJ):    0.000ns
    Phase Error              (PE):    0.000ns

    Location             Delay type                Incr(ns)  Path(ns)    Netlist Resource(s)
  -------------------------------------------------------------------    -------------------
                         (clock sys_clk rise edge)    0.000     0.000 r  <hidden>
    Y18                                               0.000     0.000 r  clk
                         net (fo=0)                   0.000     0.000    clk
    Y18                  IBUF (Prop_ibuf_I_O)         1.476     1.476 r  clk_IBUF_inst/O
                         net (fo=1, routed)           1.709     3.185    clk_IBUF
    BUFGCTRL_X0Y0        BUFG (Prop_bufg_I_O)         0.081     3.266 r  clk_IBUF_BUFG_inst/O
                         net (fo=254, routed)         1.453     4.719    core/CLK
    SLICE_X87Y67         FDCE                                         r  core/paid_amount_reg[1]/C
  -------------------------------------------------------------------    -------------------
    SLICE_X87Y67         FDCE (Prop_fdce_C_Q)         0.379     5.098 r  core/paid_amount_reg[1]/Q
                         net (fo=21, routed)          0.714     5.812    core/paid_amount[1]
    SLICE_X88Y67         LUT2 (Prop_lut2_I0_O)        0.105     5.917 r  core/i__carry_i_8__0/O
                         net (fo=1, routed)           0.000     5.917    core/i__carry_i_8__0_n_0
    SLICE_X88Y67         CARRY4 (Prop_carry4_S[1]_CO[3])
                                                      0.444     6.361 r  core/i__carry_i_1__1/CO[3]
                         net (fo=1, routed)           0.000     6.361    core/i__carry_i_1__1_n_0
    SLICE_X88Y68         CARRY4 (Prop_carry4_CI_O[2])
                                                      0.199     6.560 r  core/i__carry__0_i_1__0/O[2]
                         net (fo=5, routed)           0.693     7.253    core/i__carry__0_i_1__0_n_5
    SLICE_X87Y68         LUT4 (Prop_lut4_I3_O)        0.244     7.497 r  core/state0_carry_i_5/O
                         net (fo=1, routed)           0.000     7.497    core/state0_carry_i_5_n_0
    SLICE_X87Y68         CARRY4 (Prop_carry4_S[3]_CO[3])
                                                      0.332     7.829 r  core/state0_carry/CO[3]
                         net (fo=3, routed)           0.855     8.684    core/state0
    SLICE_X83Y67         LUT6 (Prop_lut6_I2_O)        0.105     8.789 r  core/FSM_sequential_state[2]_i_4/O
                         net (fo=5, routed)           0.550     9.339    core/FSM_sequential_state[2]_i_4_n_0
    SLICE_X82Y60         LUT6 (Prop_lut6_I1_O)        0.105     9.444 r  core/vend_counter[31]_i_1/O
                         net (fo=32, routed)          1.118    10.562    core/vend_counter[31]_i_1_n_0
    SLICE_X80Y54         FDCE                                         r  core/vend_counter_reg[3]/CE
  -------------------------------------------------------------------    -------------------

                         (clock sys_clk rise edge)   20.000    20.000 r  <hidden>
    Y18                                               0.000    20.000 r  clk
                         net (fo=0)                   0.000    20.000    clk
    Y18                  IBUF (Prop_ibuf_I_O)         1.409    21.409 r  clk_IBUF_inst/O
                         net (fo=1, routed)           1.620    23.030    clk_IBUF
    BUFGCTRL_X0Y0        BUFG (Prop_bufg_I_O)         0.077    23.107 r  clk_IBUF_BUFG_inst/O
                         net (fo=254, routed)         1.345    24.451    core/CLK
    SLICE_X80Y54         FDCE                                         r  core/vend_counter_reg[3]/C
                         clock pessimism              0.225    24.677    <hidden>
                         clock uncertainty           -0.035    24.641    <hidden>
    SLICE_X80Y54         FDCE (Setup_fdce_C_CE)      -0.136    24.505    core/vend_counter_reg[3]
  -------------------------------------------------------------------
                         required time                         24.505    <hidden>
                         arrival time                         -10.562    <hidden>
  -------------------------------------------------------------------
                         slack                                 13.943    <hidden>

Slack (MET) :             13.983ns  (required time - arrival time)
  Source:                 key1_cond/debounced_reg/C
                            (rising edge-triggered cell FDCE clocked by sys_clk  {rise@0.000ns fall@10.000ns period=20.000ns})
  Destination:            key_beep_counter_reg[5]/CE
                            (rising edge-triggered cell FDRE clocked by sys_clk  {rise@0.000ns fall@10.000ns period=20.000ns})
  Path Group:             sys_clk
  Path Type:              Setup (Max at Slow Process Corner)
  Requirement:            20.000ns  (sys_clk rise@20.000ns - sys_clk rise@0.000ns)
  Data Path Delay:        5.611ns  (logic 0.854ns (15.220%)  route 4.757ns (84.780%))
  Logic Levels:           3  (LUT2=2 LUT6=1)
  Clock Path Skew:        -0.033ns (DCD - SCD + CPR)
    Destination Clock Delay (DCD):    4.456ns = ( 24.456 - 20.000 ) 
    Source Clock Delay      (SCD):    4.715ns
    Clock Pessimism Removal (CPR):    0.225ns
  Clock Uncertainty:      0.035ns  ((TSJ^2 + TIJ^2)^1/2 + DJ) / 2 + PE
    Total System Jitter     (TSJ):    0.071ns
    Total Input Jitter      (TIJ):    0.000ns
    Discrete Jitter          (DJ):    0.000ns
    Phase Error              (PE):    0.000ns

    Location             Delay type                Incr(ns)  Path(ns)    Netlist Resource(s)
  -------------------------------------------------------------------    -------------------
                         (clock sys_clk rise edge)    0.000     0.000 r  <hidden>
    Y18                                               0.000     0.000 r  clk
                         net (fo=0)                   0.000     0.000    clk
    Y18                  IBUF (Prop_ibuf_I_O)         1.476     1.476 r  clk_IBUF_inst/O
                         net (fo=1, routed)           1.709     3.185    clk_IBUF
    BUFGCTRL_X0Y0        BUFG (Prop_bufg_I_O)         0.081     3.266 r  clk_IBUF_BUFG_inst/O
                         net (fo=254, routed)         1.449     4.715    key1_cond/CLK
    SLICE_X76Y50         FDCE                                         r  key1_cond/debounced_reg/C
  -------------------------------------------------------------------    -------------------
    SLICE_X76Y50         FDCE (Prop_fdce_C_Q)         0.398     5.113 r  key1_cond/debounced_reg/Q
                         net (fo=42, routed)          2.362     7.475    key1_cond/debounced_reg_0
    SLICE_X83Y68         LUT2 (Prop_lut2_I0_O)        0.232     7.707 r  key1_cond/FSM_sequential_state[2]_i_8/O
                         net (fo=8, routed)           0.868     8.575    key2_cond/key_beep_counter_reg[21]_1
    SLICE_X83Y63         LUT6 (Prop_lut6_I0_O)        0.105     8.680 r  key2_cond/key_beep_counter[22]_i_4/O
                         net (fo=10, routed)          0.879     9.559    key2_cond/any_key_pulse
    SLICE_X85Y58         LUT2 (Prop_lut2_I0_O)        0.119     9.678 r  key2_cond/key_beep_counter[21]_i_1/O
                         net (fo=8, routed)           0.647    10.326    key2_cond_n_27
    SLICE_X85Y55         FDRE                                         r  key_beep_counter_reg[5]/CE
  -------------------------------------------------------------------    -------------------

                         (clock sys_clk rise edge)   20.000    20.000 r  <hidden>
    Y18                                               0.000    20.000 r  clk
                         net (fo=0)                   0.000    20.000    clk
    Y18                  IBUF (Prop_ibuf_I_O)         1.409    21.409 r  clk_IBUF_inst/O
                         net (fo=1, routed)           1.620    23.030    clk_IBUF
    BUFGCTRL_X0Y0        BUFG (Prop_bufg_I_O)         0.077    23.107 r  clk_IBUF_BUFG_inst/O
                         net (fo=254, routed)         1.350    24.456    clk_IBUF_BUFG
    SLICE_X85Y55         FDRE                                         r  key_beep_counter_reg[5]/C
                         clock pessimism              0.225    24.682    <hidden>
                         clock uncertainty           -0.035    24.646    <hidden>
    SLICE_X85Y55         FDRE (Setup_fdre_C_CE)      -0.338    24.308    key_beep_counter_reg[5]
  -------------------------------------------------------------------
                         required time                         24.308    <hidden>
                         arrival time                         -10.326    <hidden>
  -------------------------------------------------------------------
                         slack                                 13.983    <hidden>

Slack (MET) :             13.983ns  (required time - arrival time)
  Source:                 key1_cond/debounced_reg/C
                            (rising edge-triggered cell FDCE clocked by sys_clk  {rise@0.000ns fall@10.000ns period=20.000ns})
  Destination:            key_beep_counter_reg[7]/CE
                            (rising edge-triggered cell FDRE clocked by sys_clk  {rise@0.000ns fall@10.000ns period=20.000ns})
  Path Group:             sys_clk
  Path Type:              Setup (Max at Slow Process Corner)
  Requirement:            20.000ns  (sys_clk rise@20.000ns - sys_clk rise@0.000ns)
  Data Path Delay:        5.611ns  (logic 0.854ns (15.220%)  route 4.757ns (84.780%))
  Logic Levels:           3  (LUT2=2 LUT6=1)
  Clock Path Skew:        -0.033ns (DCD - SCD + CPR)
    Destination Clock Delay (DCD):    4.456ns = ( 24.456 - 20.000 ) 
    Source Clock Delay      (SCD):    4.715ns
    Clock Pessimism Removal (CPR):    0.225ns
  Clock Uncertainty:      0.035ns  ((TSJ^2 + TIJ^2)^1/2 + DJ) / 2 + PE
    Total System Jitter     (TSJ):    0.071ns
    Total Input Jitter      (TIJ):    0.000ns
    Discrete Jitter          (DJ):    0.000ns
    Phase Error              (PE):    0.000ns

    Location             Delay type                Incr(ns)  Path(ns)    Netlist Resource(s)
  -------------------------------------------------------------------    -------------------
                         (clock sys_clk rise edge)    0.000     0.000 r  <hidden>
    Y18                                               0.000     0.000 r  clk
                         net (fo=0)                   0.000     0.000    clk
    Y18                  IBUF (Prop_ibuf_I_O)         1.476     1.476 r  clk_IBUF_inst/O
                         net (fo=1, routed)           1.709     3.185    clk_IBUF
    BUFGCTRL_X0Y0        BUFG (Prop_bufg_I_O)         0.081     3.266 r  clk_IBUF_BUFG_inst/O
                         net (fo=254, routed)         1.449     4.715    key1_cond/CLK
    SLICE_X76Y50         FDCE                                         r  key1_cond/debounced_reg/C
  -------------------------------------------------------------------    -------------------
    SLICE_X76Y50         FDCE (Prop_fdce_C_Q)         0.398     5.113 r  key1_cond/debounced_reg/Q
                         net (fo=42, routed)          2.362     7.475    key1_cond/debounced_reg_0
    SLICE_X83Y68         LUT2 (Prop_lut2_I0_O)        0.232     7.707 r  key1_cond/FSM_sequential_state[2]_i_8/O
                         net (fo=8, routed)           0.868     8.575    key2_cond/key_beep_counter_reg[21]_1
    SLICE_X83Y63         LUT6 (Prop_lut6_I0_O)        0.105     8.680 r  key2_cond/key_beep_counter[22]_i_4/O
                         net (fo=10, routed)          0.879     9.559    key2_cond/any_key_pulse
    SLICE_X85Y58         LUT2 (Prop_lut2_I0_O)        0.119     9.678 r  key2_cond/key_beep_counter[21]_i_1/O
                         net (fo=8, routed)           0.647    10.326    key2_cond_n_27
    SLICE_X85Y55         FDRE                                         r  key_beep_counter_reg[7]/CE
  -------------------------------------------------------------------    -------------------

                         (clock sys_clk rise edge)   20.000    20.000 r  <hidden>
    Y18                                               0.000    20.000 r  clk
                         net (fo=0)                   0.000    20.000    clk
    Y18                  IBUF (Prop_ibuf_I_O)         1.409    21.409 r  clk_IBUF_inst/O
                         net (fo=1, routed)           1.620    23.030    clk_IBUF
    BUFGCTRL_X0Y0        BUFG (Prop_bufg_I_O)         0.077    23.107 r  clk_IBUF_BUFG_inst/O
                         net (fo=254, routed)         1.350    24.456    clk_IBUF_BUFG
    SLICE_X85Y55         FDRE                                         r  key_beep_counter_reg[7]/C
                         clock pessimism              0.225    24.682    <hidden>
                         clock uncertainty           -0.035    24.646    <hidden>
    SLICE_X85Y55         FDRE (Setup_fdre_C_CE)      -0.338    24.308    key_beep_counter_reg[7]
  -------------------------------------------------------------------
                         required time                         24.308    <hidden>
                         arrival time                         -10.326    <hidden>
  -------------------------------------------------------------------
                         slack                                 13.983    <hidden>

Slack (MET) :             13.983ns  (required time - arrival time)
  Source:                 key1_cond/debounced_reg/C
                            (rising edge-triggered cell FDCE clocked by sys_clk  {rise@0.000ns fall@10.000ns period=20.000ns})
  Destination:            key_beep_counter_reg[8]/CE
                            (rising edge-triggered cell FDRE clocked by sys_clk  {rise@0.000ns fall@10.000ns period=20.000ns})
  Path Group:             sys_clk
  Path Type:              Setup (Max at Slow Process Corner)
  Requirement:            20.000ns  (sys_clk rise@20.000ns - sys_clk rise@0.000ns)
  Data Path Delay:        5.611ns  (logic 0.854ns (15.220%)  route 4.757ns (84.780%))
  Logic Levels:           3  (LUT2=2 LUT6=1)
  Clock Path Skew:        -0.033ns (DCD - SCD + CPR)
    Destination Clock Delay (DCD):    4.456ns = ( 24.456 - 20.000 ) 
    Source Clock Delay      (SCD):    4.715ns
    Clock Pessimism Removal (CPR):    0.225ns
  Clock Uncertainty:      0.035ns  ((TSJ^2 + TIJ^2)^1/2 + DJ) / 2 + PE
    Total System Jitter     (TSJ):    0.071ns
    Total Input Jitter      (TIJ):    0.000ns
    Discrete Jitter          (DJ):    0.000ns
    Phase Error              (PE):    0.000ns

    Location             Delay type                Incr(ns)  Path(ns)    Netlist Resource(s)
  -------------------------------------------------------------------    -------------------
                         (clock sys_clk rise edge)    0.000     0.000 r  <hidden>
    Y18                                               0.000     0.000 r  clk
                         net (fo=0)                   0.000     0.000    clk
    Y18                  IBUF (Prop_ibuf_I_O)         1.476     1.476 r  clk_IBUF_inst/O
                         net (fo=1, routed)           1.709     3.185    clk_IBUF
    BUFGCTRL_X0Y0        BUFG (Prop_bufg_I_O)         0.081     3.266 r  clk_IBUF_BUFG_inst/O
                         net (fo=254, routed)         1.449     4.715    key1_cond/CLK
    SLICE_X76Y50         FDCE                                         r  key1_cond/debounced_reg/C
  -------------------------------------------------------------------    -------------------
    SLICE_X76Y50         FDCE (Prop_fdce_C_Q)         0.398     5.113 r  key1_cond/debounced_reg/Q
                         net (fo=42, routed)          2.362     7.475    key1_cond/debounced_reg_0
    SLICE_X83Y68         LUT2 (Prop_lut2_I0_O)        0.232     7.707 r  key1_cond/FSM_sequential_state[2]_i_8/O
                         net (fo=8, routed)           0.868     8.575    key2_cond/key_beep_counter_reg[21]_1
    SLICE_X83Y63         LUT6 (Prop_lut6_I0_O)        0.105     8.680 r  key2_cond/key_beep_counter[22]_i_4/O
                         net (fo=10, routed)          0.879     9.559    key2_cond/any_key_pulse
    SLICE_X85Y58         LUT2 (Prop_lut2_I0_O)        0.119     9.678 r  key2_cond/key_beep_counter[21]_i_1/O
                         net (fo=8, routed)           0.647    10.326    key2_cond_n_27
    SLICE_X85Y55         FDRE                                         r  key_beep_counter_reg[8]/CE
  -------------------------------------------------------------------    -------------------

                         (clock sys_clk rise edge)   20.000    20.000 r  <hidden>
    Y18                                               0.000    20.000 r  clk
                         net (fo=0)                   0.000    20.000    clk
    Y18                  IBUF (Prop_ibuf_I_O)         1.409    21.409 r  clk_IBUF_inst/O
                         net (fo=1, routed)           1.620    23.030    clk_IBUF
    BUFGCTRL_X0Y0        BUFG (Prop_bufg_I_O)         0.077    23.107 r  clk_IBUF_BUFG_inst/O
                         net (fo=254, routed)         1.350    24.456    clk_IBUF_BUFG
    SLICE_X85Y55         FDRE                                         r  key_beep_counter_reg[8]/C
                         clock pessimism              0.225    24.682    <hidden>
                         clock uncertainty           -0.035    24.646    <hidden>
    SLICE_X85Y55         FDRE (Setup_fdre_C_CE)      -0.338    24.308    key_beep_counter_reg[8]
  -------------------------------------------------------------------
                         required time                         24.308    <hidden>
                         arrival time                         -10.326    <hidden>
  -------------------------------------------------------------------
                         slack                                 13.983    <hidden>

Slack (MET) :             14.016ns  (required time - arrival time)
  Source:                 key4_cond/debounced_reg/C
                            (rising edge-triggered cell FDRE clocked by sys_clk  {rise@0.000ns fall@10.000ns period=20.000ns})
  Destination:            core/pending_code_reg[2]/CE
                            (rising edge-triggered cell FDCE clocked by sys_clk  {rise@0.000ns fall@10.000ns period=20.000ns})
  Path Group:             sys_clk
  Path Type:              Setup (Max at Slow Process Corner)
  Requirement:            20.000ns  (sys_clk rise@20.000ns - sys_clk rise@0.000ns)
  Data Path Delay:        5.748ns  (logic 1.090ns (18.964%)  route 4.658ns (81.036%))
  Logic Levels:           4  (LUT2=1 LUT6=3)
  Clock Path Skew:        -0.033ns (DCD - SCD + CPR)
    Destination Clock Delay (DCD):    4.455ns = ( 24.455 - 20.000 ) 
    Source Clock Delay      (SCD):    4.714ns
    Clock Pessimism Removal (CPR):    0.225ns
  Clock Uncertainty:      0.035ns  ((TSJ^2 + TIJ^2)^1/2 + DJ) / 2 + PE
    Total System Jitter     (TSJ):    0.071ns
    Total Input Jitter      (TIJ):    0.000ns
    Discrete Jitter          (DJ):    0.000ns
    Phase Error              (PE):    0.000ns

    Location             Delay type                Incr(ns)  Path(ns)    Netlist Resource(s)
  -------------------------------------------------------------------    -------------------
                         (clock sys_clk rise edge)    0.000     0.000 r  <hidden>
    Y18                                               0.000     0.000 r  clk
                         net (fo=0)                   0.000     0.000    clk
    Y18                  IBUF (Prop_ibuf_I_O)         1.476     1.476 r  clk_IBUF_inst/O
                         net (fo=1, routed)           1.709     3.185    clk_IBUF
    BUFGCTRL_X0Y0        BUFG (Prop_bufg_I_O)         0.081     3.266 r  clk_IBUF_BUFG_inst/O
                         net (fo=254, routed)         1.448     4.714    key4_cond/CLK
    SLICE_X77Y57         FDRE                                         r  key4_cond/debounced_reg/C
  -------------------------------------------------------------------    -------------------
    SLICE_X77Y57         FDRE (Prop_fdre_C_Q)         0.348     5.062 r  key4_cond/debounced_reg/Q
                         net (fo=24, routed)          1.239     6.300    key4_cond/cancel_level
    SLICE_X83Y62         LUT6 (Prop_lut6_I5_O)        0.239     6.539 r  key4_cond/FSM_sequential_state[2]_i_3/O
                         net (fo=34, routed)          1.577     8.116    key4_cond/debounced_d_reg_1
    SLICE_X82Y67         LUT2 (Prop_lut2_I0_O)        0.124     8.240 r  key4_cond/FSM_sequential_state[1]_i_5/O
                         net (fo=4, routed)           0.621     8.861    core/FSM_sequential_state_reg[1]_0
    SLICE_X84Y65         LUT6 (Prop_lut6_I3_O)        0.274     9.135 r  core/pending_code[3]_i_4/O
                         net (fo=3, routed)           0.659     9.794    core/pending_code[3]_i_4_n_0
    SLICE_X85Y64         LUT6 (Prop_lut6_I1_O)        0.105     9.899 r  core/pending_code[3]_i_1/O
                         net (fo=4, routed)           0.562    10.461    core/pending_code[3]_i_1_n_0
    SLICE_X87Y61         FDCE                                         r  core/pending_code_reg[2]/CE
  -------------------------------------------------------------------    -------------------

                         (clock sys_clk rise edge)   20.000    20.000 r  <hidden>
    Y18                                               0.000    20.000 r  clk
                         net (fo=0)                   0.000    20.000    clk
    Y18                  IBUF (Prop_ibuf_I_O)         1.409    21.409 r  clk_IBUF_inst/O
                         net (fo=1, routed)           1.620    23.030    clk_IBUF
    BUFGCTRL_X0Y0        BUFG (Prop_bufg_I_O)         0.077    23.107 r  clk_IBUF_BUFG_inst/O
                         net (fo=254, routed)         1.349    24.455    core/CLK
    SLICE_X87Y61         FDCE                                         r  core/pending_code_reg[2]/C
                         clock pessimism              0.225    24.681    <hidden>
                         clock uncertainty           -0.035    24.645    <hidden>
    SLICE_X87Y61         FDCE (Setup_fdce_C_CE)      -0.168    24.477    core/pending_code_reg[2]
  -------------------------------------------------------------------
                         required time                         24.477    <hidden>
                         arrival time                         -10.461    <hidden>
  -------------------------------------------------------------------
                         slack                                 14.016    <hidden>

Slack (MET) :             14.016ns  (required time - arrival time)
  Source:                 key4_cond/debounced_reg/C
                            (rising edge-triggered cell FDRE clocked by sys_clk  {rise@0.000ns fall@10.000ns period=20.000ns})
  Destination:            core/pending_code_reg[3]/CE
                            (rising edge-triggered cell FDCE clocked by sys_clk  {rise@0.000ns fall@10.000ns period=20.000ns})
  Path Group:             sys_clk
  Path Type:              Setup (Max at Slow Process Corner)
  Requirement:            20.000ns  (sys_clk rise@20.000ns - sys_clk rise@0.000ns)
  Data Path Delay:        5.748ns  (logic 1.090ns (18.964%)  route 4.658ns (81.036%))
  Logic Levels:           4  (LUT2=1 LUT6=3)
  Clock Path Skew:        -0.033ns (DCD - SCD + CPR)
    Destination Clock Delay (DCD):    4.455ns = ( 24.455 - 20.000 ) 
    Source Clock Delay      (SCD):    4.714ns
    Clock Pessimism Removal (CPR):    0.225ns
  Clock Uncertainty:      0.035ns  ((TSJ^2 + TIJ^2)^1/2 + DJ) / 2 + PE
    Total System Jitter     (TSJ):    0.071ns
    Total Input Jitter      (TIJ):    0.000ns
    Discrete Jitter          (DJ):    0.000ns
    Phase Error              (PE):    0.000ns

    Location             Delay type                Incr(ns)  Path(ns)    Netlist Resource(s)
  -------------------------------------------------------------------    -------------------
                         (clock sys_clk rise edge)    0.000     0.000 r  <hidden>
    Y18                                               0.000     0.000 r  clk
                         net (fo=0)                   0.000     0.000    clk
    Y18                  IBUF (Prop_ibuf_I_O)         1.476     1.476 r  clk_IBUF_inst/O
                         net (fo=1, routed)           1.709     3.185    clk_IBUF
    BUFGCTRL_X0Y0        BUFG (Prop_bufg_I_O)         0.081     3.266 r  clk_IBUF_BUFG_inst/O
                         net (fo=254, routed)         1.448     4.714    key4_cond/CLK
    SLICE_X77Y57         FDRE                                         r  key4_cond/debounced_reg/C
  -------------------------------------------------------------------    -------------------
    SLICE_X77Y57         FDRE (Prop_fdre_C_Q)         0.348     5.062 r  key4_cond/debounced_reg/Q
                         net (fo=24, routed)          1.239     6.300    key4_cond/cancel_level
    SLICE_X83Y62         LUT6 (Prop_lut6_I5_O)        0.239     6.539 r  key4_cond/FSM_sequential_state[2]_i_3/O
                         net (fo=34, routed)          1.577     8.116    key4_cond/debounced_d_reg_1
    SLICE_X82Y67         LUT2 (Prop_lut2_I0_O)        0.124     8.240 r  key4_cond/FSM_sequential_state[1]_i_5/O
                         net (fo=4, routed)           0.621     8.861    core/FSM_sequential_state_reg[1]_0
    SLICE_X84Y65         LUT6 (Prop_lut6_I3_O)        0.274     9.135 r  core/pending_code[3]_i_4/O
                         net (fo=3, routed)           0.659     9.794    core/pending_code[3]_i_4_n_0
    SLICE_X85Y64         LUT6 (Prop_lut6_I1_O)        0.105     9.899 r  core/pending_code[3]_i_1/O
                         net (fo=4, routed)           0.562    10.461    core/pending_code[3]_i_1_n_0
    SLICE_X87Y61         FDCE                                         r  core/pending_code_reg[3]/CE
  -------------------------------------------------------------------    -------------------

                         (clock sys_clk rise edge)   20.000    20.000 r  <hidden>
    Y18                                               0.000    20.000 r  clk
                         net (fo=0)                   0.000    20.000    clk
    Y18                  IBUF (Prop_ibuf_I_O)         1.409    21.409 r  clk_IBUF_inst/O
                         net (fo=1, routed)           1.620    23.030    clk_IBUF
    BUFGCTRL_X0Y0        BUFG (Prop_bufg_I_O)         0.077    23.107 r  clk_IBUF_BUFG_inst/O
                         net (fo=254, routed)         1.349    24.455    core/CLK
    SLICE_X87Y61         FDCE                                         r  core/pending_code_reg[3]/C
                         clock pessimism              0.225    24.681    <hidden>
                         clock uncertainty           -0.035    24.645    <hidden>
    SLICE_X87Y61         FDCE (Setup_fdce_C_CE)      -0.168    24.477    core/pending_code_reg[3]
  -------------------------------------------------------------------
                         required time                         24.477    <hidden>
                         arrival time                         -10.461    <hidden>
  -------------------------------------------------------------------
                         slack                                 14.016    <hidden>

Slack (MET) :             14.037ns  (required time - arrival time)
  Source:                 core/paid_amount_reg[1]/C
                            (rising edge-triggered cell FDCE clocked by sys_clk  {rise@0.000ns fall@10.000ns period=20.000ns})
  Destination:            core/vend_counter_reg[18]/CE
                            (rising edge-triggered cell FDCE clocked by sys_clk  {rise@0.000ns fall@10.000ns period=20.000ns})
  Path Group:             sys_clk
  Path Type:              Setup (Max at Slow Process Corner)
  Requirement:            20.000ns  (sys_clk rise@20.000ns - sys_clk rise@0.000ns)
  Data Path Delay:        5.745ns  (logic 1.913ns (33.297%)  route 3.832ns (66.703%))
  Logic Levels:           7  (CARRY4=3 LUT2=1 LUT4=1 LUT6=2)
  Clock Path Skew:        -0.046ns (DCD - SCD + CPR)
    Destination Clock Delay (DCD):    4.447ns = ( 24.447 - 20.000 ) 
    Source Clock Delay      (SCD):    4.719ns
    Clock Pessimism Removal (CPR):    0.225ns
  Clock Uncertainty:      0.035ns  ((TSJ^2 + TIJ^2)^1/2 + DJ) / 2 + PE
    Total System Jitter     (TSJ):    0.071ns
    Total Input Jitter      (TIJ):    0.000ns
    Discrete Jitter          (DJ):    0.000ns
    Phase Error              (PE):    0.000ns

    Location             Delay type                Incr(ns)  Path(ns)    Netlist Resource(s)
  -------------------------------------------------------------------    -------------------
                         (clock sys_clk rise edge)    0.000     0.000 r  <hidden>
    Y18                                               0.000     0.000 r  clk
                         net (fo=0)                   0.000     0.000    clk
    Y18                  IBUF (Prop_ibuf_I_O)         1.476     1.476 r  clk_IBUF_inst/O
                         net (fo=1, routed)           1.709     3.185    clk_IBUF
    BUFGCTRL_X0Y0        BUFG (Prop_bufg_I_O)         0.081     3.266 r  clk_IBUF_BUFG_inst/O
                         net (fo=254, routed)         1.453     4.719    core/CLK
    SLICE_X87Y67         FDCE                                         r  core/paid_amount_reg[1]/C
  -------------------------------------------------------------------    -------------------
    SLICE_X87Y67         FDCE (Prop_fdce_C_Q)         0.379     5.098 r  core/paid_amount_reg[1]/Q
                         net (fo=21, routed)          0.714     5.812    core/paid_amount[1]
    SLICE_X88Y67         LUT2 (Prop_lut2_I0_O)        0.105     5.917 r  core/i__carry_i_8__0/O
                         net (fo=1, routed)           0.000     5.917    core/i__carry_i_8__0_n_0
    SLICE_X88Y67         CARRY4 (Prop_carry4_S[1]_CO[3])
                                                      0.444     6.361 r  core/i__carry_i_1__1/CO[3]
                         net (fo=1, routed)           0.000     6.361    core/i__carry_i_1__1_n_0
    SLICE_X88Y68         CARRY4 (Prop_carry4_CI_O[2])
                                                      0.199     6.560 r  core/i__carry__0_i_1__0/O[2]
                         net (fo=5, routed)           0.693     7.253    core/i__carry__0_i_1__0_n_5
    SLICE_X87Y68         LUT4 (Prop_lut4_I3_O)        0.244     7.497 r  core/state0_carry_i_5/O
                         net (fo=1, routed)           0.000     7.497    core/state0_carry_i_5_n_0
    SLICE_X87Y68         CARRY4 (Prop_carry4_S[3]_CO[3])
                                                      0.332     7.829 r  core/state0_carry/CO[3]
                         net (fo=3, routed)           0.855     8.684    core/state0
    SLICE_X83Y67         LUT6 (Prop_lut6_I2_O)        0.105     8.789 r  core/FSM_sequential_state[2]_i_4/O
                         net (fo=5, routed)           0.550     9.339    core/FSM_sequential_state[2]_i_4_n_0
    SLICE_X82Y60         LUT6 (Prop_lut6_I1_O)        0.105     9.444 r  core/vend_counter[31]_i_1/O
                         net (fo=32, routed)          1.020    10.464    core/vend_counter[31]_i_1_n_0
    SLICE_X78Y57         FDCE                                         r  core/vend_counter_reg[18]/CE
  -------------------------------------------------------------------    -------------------

                         (clock sys_clk rise edge)   20.000    20.000 r  <hidden>
    Y18                                               0.000    20.000 r  clk
                         net (fo=0)                   0.000    20.000    clk
    Y18                  IBUF (Prop_ibuf_I_O)         1.409    21.409 r  clk_IBUF_inst/O
                         net (fo=1, routed)           1.620    23.030    clk_IBUF
    BUFGCTRL_X0Y0        BUFG (Prop_bufg_I_O)         0.077    23.107 r  clk_IBUF_BUFG_inst/O
                         net (fo=254, routed)         1.341    24.447    core/CLK
    SLICE_X78Y57         FDCE                                         r  core/vend_counter_reg[18]/C
                         clock pessimism              0.225    24.673    <hidden>
                         clock uncertainty           -0.035    24.637    <hidden>
    SLICE_X78Y57         FDCE (Setup_fdce_C_CE)      -0.136    24.501    core/vend_counter_reg[18]
  -------------------------------------------------------------------
                         required time                         24.501    <hidden>
                         arrival time                         -10.464    <hidden>
  -------------------------------------------------------------------
                         slack                                 14.037    <hidden>





Min Delay Paths
--------------------------------------------------------------------------------------
Slack (MET) :             0.127ns  (arrival time - required time)
  Source:                 key2_cond/sync_reg_reg[0]/C
                            (rising edge-triggered cell FDCE clocked by sys_clk  {rise@0.000ns fall@10.000ns period=20.000ns})
  Destination:            key2_cond/sync_reg_reg[1]/D
                            (rising edge-triggered cell FDCE clocked by sys_clk  {rise@0.000ns fall@10.000ns period=20.000ns})
  Path Group:             sys_clk
  Path Type:              Hold (Min at Fast Process Corner)
  Requirement:            0.000ns  (sys_clk rise@0.000ns - sys_clk rise@0.000ns)
  Data Path Delay:        0.198ns  (logic 0.141ns (71.201%)  route 0.057ns (28.799%))
  Logic Levels:           0  
  Clock Path Skew:        0.000ns (DCD - SCD - CPR)
    Destination Clock Delay (DCD):    2.089ns
    Source Clock Delay      (SCD):    1.571ns
    Clock Pessimism Removal (CPR):    0.518ns

    Location             Delay type                Incr(ns)  Path(ns)    Netlist Resource(s)
  -------------------------------------------------------------------    -------------------
                         (clock sys_clk rise edge)    0.000     0.000 r  <hidden>
    Y18                                               0.000     0.000 r  clk
                         net (fo=0)                   0.000     0.000    clk
    Y18                  IBUF (Prop_ibuf_I_O)         0.312     0.312 r  clk_IBUF_inst/O
                         net (fo=1, routed)           0.640     0.952    clk_IBUF
    BUFGCTRL_X0Y0        BUFG (Prop_bufg_I_O)         0.026     0.978 r  clk_IBUF_BUFG_inst/O
                         net (fo=254, routed)         0.593     1.571    key2_cond/CLK
    SLICE_X72Y53         FDCE                                         r  key2_cond/sync_reg_reg[0]/C
  -------------------------------------------------------------------    -------------------
    SLICE_X72Y53         FDCE (Prop_fdce_C_Q)         0.141     1.712 r  key2_cond/sync_reg_reg[0]/Q
                         net (fo=1, routed)           0.057     1.769    key2_cond/sync_reg_reg_n_0_[0]
    SLICE_X72Y53         FDCE                                         r  key2_cond/sync_reg_reg[1]/D
  -------------------------------------------------------------------    -------------------

                         (clock sys_clk rise edge)    0.000     0.000 r  <hidden>
    Y18                                               0.000     0.000 r  clk
                         net (fo=0)                   0.000     0.000    clk
    Y18                  IBUF (Prop_ibuf_I_O)         0.501     0.501 r  clk_IBUF_inst/O
                         net (fo=1, routed)           0.695     1.195    clk_IBUF
    BUFGCTRL_X0Y0        BUFG (Prop_bufg_I_O)         0.029     1.224 r  clk_IBUF_BUFG_inst/O
                         net (fo=254, routed)         0.865     2.089    key2_cond/CLK
    SLICE_X72Y53         FDCE                                         r  key2_cond/sync_reg_reg[1]/C
                         clock pessimism             -0.518     1.571    <hidden>
    SLICE_X72Y53         FDCE (Hold_fdce_C_D)         0.071     1.642    key2_cond/sync_reg_reg[1]
  -------------------------------------------------------------------
                         required time                         -1.642    <hidden>
                         arrival time                           1.769    <hidden>
  -------------------------------------------------------------------
                         slack                                  0.127    <hidden>

Slack (MET) :             0.155ns  (arrival time - required time)
  Source:                 key3_cond/sync_reg_reg[0]/C
                            (rising edge-triggered cell FDCE clocked by sys_clk  {rise@0.000ns fall@10.000ns period=20.000ns})
  Destination:            key3_cond/sync_reg_reg[1]/D
                            (rising edge-triggered cell FDCE clocked by sys_clk  {rise@0.000ns fall@10.000ns period=20.000ns})
  Path Group:             sys_clk
  Path Type:              Hold (Min at Fast Process Corner)
  Requirement:            0.000ns  (sys_clk rise@0.000ns - sys_clk rise@0.000ns)
  Data Path Delay:        0.219ns  (logic 0.164ns (74.792%)  route 0.055ns (25.208%))
  Logic Levels:           0  
  Clock Path Skew:        0.000ns (DCD - SCD - CPR)
    Destination Clock Delay (DCD):    2.096ns
    Source Clock Delay      (SCD):    1.578ns
    Clock Pessimism Removal (CPR):    0.518ns

    Location             Delay type                Incr(ns)  Path(ns)    Netlist Resource(s)
  -------------------------------------------------------------------    -------------------
                         (clock sys_clk rise edge)    0.000     0.000 r  <hidden>
    Y18                                               0.000     0.000 r  clk
                         net (fo=0)                   0.000     0.000    clk
    Y18                  IBUF (Prop_ibuf_I_O)         0.312     0.312 r  clk_IBUF_inst/O
                         net (fo=1, routed)           0.640     0.952    clk_IBUF
    BUFGCTRL_X0Y0        BUFG (Prop_bufg_I_O)         0.026     0.978 r  clk_IBUF_BUFG_inst/O
                         net (fo=254, routed)         0.600     1.578    key3_cond/CLK
    SLICE_X80Y53         FDCE                                         r  key3_cond/sync_reg_reg[0]/C
  -------------------------------------------------------------------    -------------------
    SLICE_X80Y53         FDCE (Prop_fdce_C_Q)         0.164     1.742 r  key3_cond/sync_reg_reg[0]/Q
                         net (fo=1, routed)           0.055     1.797    key3_cond/sync_reg_reg_n_0_[0]
    SLICE_X80Y53         FDCE                                         r  key3_cond/sync_reg_reg[1]/D
  -------------------------------------------------------------------    -------------------

                         (clock sys_clk rise edge)    0.000     0.000 r  <hidden>
    Y18                                               0.000     0.000 r  clk
                         net (fo=0)                   0.000     0.000    clk
    Y18                  IBUF (Prop_ibuf_I_O)         0.501     0.501 r  clk_IBUF_inst/O
                         net (fo=1, routed)           0.695     1.195    clk_IBUF
    BUFGCTRL_X0Y0        BUFG (Prop_bufg_I_O)         0.029     1.224 r  clk_IBUF_BUFG_inst/O
                         net (fo=254, routed)         0.872     2.096    key3_cond/CLK
    SLICE_X80Y53         FDCE                                         r  key3_cond/sync_reg_reg[1]/C
                         clock pessimism             -0.518     1.578    <hidden>
    SLICE_X80Y53         FDCE (Hold_fdce_C_D)         0.064     1.642    key3_cond/sync_reg_reg[1]
  -------------------------------------------------------------------
                         required time                         -1.642    <hidden>
                         arrival time                           1.797    <hidden>
  -------------------------------------------------------------------
                         slack                                  0.155    <hidden>

Slack (MET) :             0.206ns  (arrival time - required time)
  Source:                 key4_cond/sync_reg_reg[1]/C
                            (rising edge-triggered cell FDRE clocked by sys_clk  {rise@0.000ns fall@10.000ns period=20.000ns})
  Destination:            key4_cond/count_reg[15]/D
                            (rising edge-triggered cell FDRE clocked by sys_clk  {rise@0.000ns fall@10.000ns period=20.000ns})
  Path Group:             sys_clk
  Path Type:              Hold (Min at Fast Process Corner)
  Requirement:            0.000ns  (sys_clk rise@0.000ns - sys_clk rise@0.000ns)
  Data Path Delay:        0.326ns  (logic 0.212ns (65.046%)  route 0.114ns (34.954%))
  Logic Levels:           1  (LUT4=1)
  Clock Path Skew:        0.013ns (DCD - SCD - CPR)
    Destination Clock Delay (DCD):    2.091ns
    Source Clock Delay      (SCD):    1.572ns
    Clock Pessimism Removal (CPR):    0.506ns

    Location             Delay type                Incr(ns)  Path(ns)    Netlist Resource(s)
  -------------------------------------------------------------------    -------------------
                         (clock sys_clk rise edge)    0.000     0.000 r  <hidden>
    Y18                                               0.000     0.000 r  clk
                         net (fo=0)                   0.000     0.000    clk
    Y18                  IBUF (Prop_ibuf_I_O)         0.312     0.312 r  clk_IBUF_inst/O
                         net (fo=1, routed)           0.640     0.952    clk_IBUF
    BUFGCTRL_X0Y0        BUFG (Prop_bufg_I_O)         0.026     0.978 r  clk_IBUF_BUFG_inst/O
                         net (fo=254, routed)         0.594     1.572    key4_cond/CLK
    SLICE_X76Y59         FDRE                                         r  key4_cond/sync_reg_reg[1]/C
  -------------------------------------------------------------------    -------------------
    SLICE_X76Y59         FDRE (Prop_fdre_C_Q)         0.164     1.736 r  key4_cond/sync_reg_reg[1]/Q
                         net (fo=20, routed)          0.114     1.850    key4_cond/p_0_in
    SLICE_X77Y59         LUT4 (Prop_lut4_I1_O)        0.048     1.898 r  key4_cond/count[15]_i_1__2/O
                         net (fo=1, routed)           0.000     1.898    key4_cond/count[15]_i_1__2_n_0
    SLICE_X77Y59         FDRE                                         r  key4_cond/count_reg[15]/D
  -------------------------------------------------------------------    -------------------

                         (clock sys_clk rise edge)    0.000     0.000 r  <hidden>
    Y18                                               0.000     0.000 r  clk
                         net (fo=0)                   0.000     0.000    clk
    Y18                  IBUF (Prop_ibuf_I_O)         0.501     0.501 r  clk_IBUF_inst/O
                         net (fo=1, routed)           0.695     1.195    clk_IBUF
    BUFGCTRL_X0Y0        BUFG (Prop_bufg_I_O)         0.029     1.224 r  clk_IBUF_BUFG_inst/O
                         net (fo=254, routed)         0.867     2.091    key4_cond/CLK
    SLICE_X77Y59         FDRE                                         r  key4_cond/count_reg[15]/C
                         clock pessimism             -0.506     1.585    <hidden>
    SLICE_X77Y59         FDRE (Hold_fdre_C_D)         0.107     1.692    key4_cond/count_reg[15]
  -------------------------------------------------------------------
                         required time                         -1.692    <hidden>
                         arrival time                           1.898    <hidden>
  -------------------------------------------------------------------
                         slack                                  0.206    <hidden>

Slack (MET) :             0.208ns  (arrival time - required time)
  Source:                 key4_cond/sync_reg_reg[1]/C
                            (rising edge-triggered cell FDRE clocked by sys_clk  {rise@0.000ns fall@10.000ns period=20.000ns})
  Destination:            key4_cond/count_reg[16]/D
                            (rising edge-triggered cell FDRE clocked by sys_clk  {rise@0.000ns fall@10.000ns period=20.000ns})
  Path Group:             sys_clk
  Path Type:              Hold (Min at Fast Process Corner)
  Requirement:            0.000ns  (sys_clk rise@0.000ns - sys_clk rise@0.000ns)
  Data Path Delay:        0.328ns  (logic 0.213ns (64.954%)  route 0.115ns (35.046%))
  Logic Levels:           1  (LUT4=1)
  Clock Path Skew:        0.013ns (DCD - SCD - CPR)
    Destination Clock Delay (DCD):    2.091ns
    Source Clock Delay      (SCD):    1.572ns
    Clock Pessimism Removal (CPR):    0.506ns

    Location             Delay type                Incr(ns)  Path(ns)    Netlist Resource(s)
  -------------------------------------------------------------------    -------------------
                         (clock sys_clk rise edge)    0.000     0.000 r  <hidden>
    Y18                                               0.000     0.000 r  clk
                         net (fo=0)                   0.000     0.000    clk
    Y18                  IBUF (Prop_ibuf_I_O)         0.312     0.312 r  clk_IBUF_inst/O
                         net (fo=1, routed)           0.640     0.952    clk_IBUF
    BUFGCTRL_X0Y0        BUFG (Prop_bufg_I_O)         0.026     0.978 r  clk_IBUF_BUFG_inst/O
                         net (fo=254, routed)         0.594     1.572    key4_cond/CLK
    SLICE_X76Y59         FDRE                                         r  key4_cond/sync_reg_reg[1]/C
  -------------------------------------------------------------------    -------------------
    SLICE_X76Y59         FDRE (Prop_fdre_C_Q)         0.164     1.736 r  key4_cond/sync_reg_reg[1]/Q
                         net (fo=20, routed)          0.115     1.851    key4_cond/p_0_in
    SLICE_X77Y59         LUT4 (Prop_lut4_I1_O)        0.049     1.900 r  key4_cond/count[16]_i_1__2/O
                         net (fo=1, routed)           0.000     1.900    key4_cond/count[16]_i_1__2_n_0
    SLICE_X77Y59         FDRE                                         r  key4_cond/count_reg[16]/D
  -------------------------------------------------------------------    -------------------

                         (clock sys_clk rise edge)    0.000     0.000 r  <hidden>
    Y18                                               0.000     0.000 r  clk
                         net (fo=0)                   0.000     0.000    clk
    Y18                  IBUF (Prop_ibuf_I_O)         0.501     0.501 r  clk_IBUF_inst/O
                         net (fo=1, routed)           0.695     1.195    clk_IBUF
    BUFGCTRL_X0Y0        BUFG (Prop_bufg_I_O)         0.029     1.224 r  clk_IBUF_BUFG_inst/O
                         net (fo=254, routed)         0.867     2.091    key4_cond/CLK
    SLICE_X77Y59         FDRE                                         r  key4_cond/count_reg[16]/C
                         clock pessimism             -0.506     1.585    <hidden>
    SLICE_X77Y59         FDRE (Hold_fdre_C_D)         0.107     1.692    key4_cond/count_reg[16]
  -------------------------------------------------------------------
                         required time                         -1.692    <hidden>
                         arrival time                           1.900    <hidden>
  -------------------------------------------------------------------
                         slack                                  0.208    <hidden>

Slack (MET) :             0.219ns  (arrival time - required time)
  Source:                 key4_cond/sync_reg_reg[1]/C
                            (rising edge-triggered cell FDRE clocked by sys_clk  {rise@0.000ns fall@10.000ns period=20.000ns})
  Destination:            key4_cond/count_reg[14]/D
                            (rising edge-triggered cell FDRE clocked by sys_clk  {rise@0.000ns fall@10.000ns period=20.000ns})
  Path Group:             sys_clk
  Path Type:              Hold (Min at Fast Process Corner)
  Requirement:            0.000ns  (sys_clk rise@0.000ns - sys_clk rise@0.000ns)
  Data Path Delay:        0.324ns  (logic 0.209ns (64.521%)  route 0.115ns (35.479%))
  Logic Levels:           1  (LUT4=1)
  Clock Path Skew:        0.013ns (DCD - SCD - CPR)
    Destination Clock Delay (DCD):    2.091ns
    Source Clock Delay      (SCD):    1.572ns
    Clock Pessimism Removal (CPR):    0.506ns

    Location             Delay type                Incr(ns)  Path(ns)    Netlist Resource(s)
  -------------------------------------------------------------------    -------------------
                         (clock sys_clk rise edge)    0.000     0.000 r  <hidden>
    Y18                                               0.000     0.000 r  clk
                         net (fo=0)                   0.000     0.000    clk
    Y18                  IBUF (Prop_ibuf_I_O)         0.312     0.312 r  clk_IBUF_inst/O
                         net (fo=1, routed)           0.640     0.952    clk_IBUF
    BUFGCTRL_X0Y0        BUFG (Prop_bufg_I_O)         0.026     0.978 r  clk_IBUF_BUFG_inst/O
                         net (fo=254, routed)         0.594     1.572    key4_cond/CLK
    SLICE_X76Y59         FDRE                                         r  key4_cond/sync_reg_reg[1]/C
  -------------------------------------------------------------------    -------------------
    SLICE_X76Y59         FDRE (Prop_fdre_C_Q)         0.164     1.736 r  key4_cond/sync_reg_reg[1]/Q
                         net (fo=20, routed)          0.115     1.851    key4_cond/p_0_in
    SLICE_X77Y59         LUT4 (Prop_lut4_I1_O)        0.045     1.896 r  key4_cond/count[14]_i_1__2/O
                         net (fo=1, routed)           0.000     1.896    key4_cond/count[14]_i_1__2_n_0
    SLICE_X77Y59         FDRE                                         r  key4_cond/count_reg[14]/D
  -------------------------------------------------------------------    -------------------

                         (clock sys_clk rise edge)    0.000     0.000 r  <hidden>
    Y18                                               0.000     0.000 r  clk
                         net (fo=0)                   0.000     0.000    clk
    Y18                  IBUF (Prop_ibuf_I_O)         0.501     0.501 r  clk_IBUF_inst/O
                         net (fo=1, routed)           0.695     1.195    clk_IBUF
    BUFGCTRL_X0Y0        BUFG (Prop_bufg_I_O)         0.029     1.224 r  clk_IBUF_BUFG_inst/O
                         net (fo=254, routed)         0.867     2.091    key4_cond/CLK
    SLICE_X77Y59         FDRE                                         r  key4_cond/count_reg[14]/C
                         clock pessimism             -0.506     1.585    <hidden>
    SLICE_X77Y59         FDRE (Hold_fdre_C_D)         0.092     1.677    key4_cond/count_reg[14]
  -------------------------------------------------------------------
                         required time                         -1.677    <hidden>
                         arrival time                           1.896    <hidden>
  -------------------------------------------------------------------
                         slack                                  0.219    <hidden>

Slack (MET) :             0.219ns  (arrival time - required time)
  Source:                 key4_cond/sync_reg_reg[1]/C
                            (rising edge-triggered cell FDRE clocked by sys_clk  {rise@0.000ns fall@10.000ns period=20.000ns})
  Destination:            key4_cond/count_reg[13]/D
                            (rising edge-triggered cell FDRE clocked by sys_clk  {rise@0.000ns fall@10.000ns period=20.000ns})
  Path Group:             sys_clk
  Path Type:              Hold (Min at Fast Process Corner)
  Requirement:            0.000ns  (sys_clk rise@0.000ns - sys_clk rise@0.000ns)
  Data Path Delay:        0.323ns  (logic 0.209ns (64.721%)  route 0.114ns (35.279%))
  Logic Levels:           1  (LUT4=1)
  Clock Path Skew:        0.013ns (DCD - SCD - CPR)
    Destination Clock Delay (DCD):    2.091ns
    Source Clock Delay      (SCD):    1.572ns
    Clock Pessimism Removal (CPR):    0.506ns

    Location             Delay type                Incr(ns)  Path(ns)    Netlist Resource(s)
  -------------------------------------------------------------------    -------------------
                         (clock sys_clk rise edge)    0.000     0.000 r  <hidden>
    Y18                                               0.000     0.000 r  clk
                         net (fo=0)                   0.000     0.000    clk
    Y18                  IBUF (Prop_ibuf_I_O)         0.312     0.312 r  clk_IBUF_inst/O
                         net (fo=1, routed)           0.640     0.952    clk_IBUF
    BUFGCTRL_X0Y0        BUFG (Prop_bufg_I_O)         0.026     0.978 r  clk_IBUF_BUFG_inst/O
                         net (fo=254, routed)         0.594     1.572    key4_cond/CLK
    SLICE_X76Y59         FDRE                                         r  key4_cond/sync_reg_reg[1]/C
  -------------------------------------------------------------------    -------------------
    SLICE_X76Y59         FDRE (Prop_fdre_C_Q)         0.164     1.736 r  key4_cond/sync_reg_reg[1]/Q
                         net (fo=20, routed)          0.114     1.850    key4_cond/p_0_in
    SLICE_X77Y59         LUT4 (Prop_lut4_I1_O)        0.045     1.895 r  key4_cond/count[13]_i_1__2/O
                         net (fo=1, routed)           0.000     1.895    key4_cond/count[13]_i_1__2_n_0
    SLICE_X77Y59         FDRE                                         r  key4_cond/count_reg[13]/D
  -------------------------------------------------------------------    -------------------

                         (clock sys_clk rise edge)    0.000     0.000 r  <hidden>
    Y18                                               0.000     0.000 r  clk
                         net (fo=0)                   0.000     0.000    clk
    Y18                  IBUF (Prop_ibuf_I_O)         0.501     0.501 r  clk_IBUF_inst/O
                         net (fo=1, routed)           0.695     1.195    clk_IBUF
    BUFGCTRL_X0Y0        BUFG (Prop_bufg_I_O)         0.029     1.224 r  clk_IBUF_BUFG_inst/O
                         net (fo=254, routed)         0.867     2.091    key4_cond/CLK
    SLICE_X77Y59         FDRE                                         r  key4_cond/count_reg[13]/C
                         clock pessimism             -0.506     1.585    <hidden>
    SLICE_X77Y59         FDRE (Hold_fdre_C_D)         0.091     1.676    key4_cond/count_reg[13]
  -------------------------------------------------------------------
                         required time                         -1.676    <hidden>
                         arrival time                           1.895    <hidden>
  -------------------------------------------------------------------
                         slack                                  0.219    <hidden>

Slack (MET) :             0.232ns  (arrival time - required time)
  Source:                 key3_cond/sync_reg_reg[1]/C
                            (rising edge-triggered cell FDCE clocked by sys_clk  {rise@0.000ns fall@10.000ns period=20.000ns})
  Destination:            key3_cond/count_reg[15]/D
                            (rising edge-triggered cell FDCE clocked by sys_clk  {rise@0.000ns fall@10.000ns period=20.000ns})
  Path Group:             sys_clk
  Path Type:              Hold (Min at Fast Process Corner)
  Requirement:            0.000ns  (sys_clk rise@0.000ns - sys_clk rise@0.000ns)
  Data Path Delay:        0.363ns  (logic 0.249ns (68.677%)  route 0.114ns (31.323%))
  Logic Levels:           1  (LUT4=1)
  Clock Path Skew:        0.000ns (DCD - SCD - CPR)
    Destination Clock Delay (DCD):    2.096ns
    Source Clock Delay      (SCD):    1.578ns
    Clock Pessimism Removal (CPR):    0.518ns

    Location             Delay type                Incr(ns)  Path(ns)    Netlist Resource(s)
  -------------------------------------------------------------------    -------------------
                         (clock sys_clk rise edge)    0.000     0.000 r  <hidden>
    Y18                                               0.000     0.000 r  clk
                         net (fo=0)                   0.000     0.000    clk
    Y18                  IBUF (Prop_ibuf_I_O)         0.312     0.312 r  clk_IBUF_inst/O
                         net (fo=1, routed)           0.640     0.952    clk_IBUF
    BUFGCTRL_X0Y0        BUFG (Prop_bufg_I_O)         0.026     0.978 r  clk_IBUF_BUFG_inst/O
                         net (fo=254, routed)         0.600     1.578    key3_cond/CLK
    SLICE_X80Y53         FDCE                                         r  key3_cond/sync_reg_reg[1]/C
  -------------------------------------------------------------------    -------------------
    SLICE_X80Y53         FDCE (Prop_fdce_C_Q)         0.148     1.726 r  key3_cond/sync_reg_reg[1]/Q
                         net (fo=20, routed)          0.114     1.839    key3_cond/p_0_in
    SLICE_X80Y53         LUT4 (Prop_lut4_I1_O)        0.101     1.940 r  key3_cond/count[15]_i_1__1/O
                         net (fo=1, routed)           0.000     1.940    key3_cond/count[15]_i_1__1_n_0
    SLICE_X80Y53         FDCE                                         r  key3_cond/count_reg[15]/D
  -------------------------------------------------------------------    -------------------

                         (clock sys_clk rise edge)    0.000     0.000 r  <hidden>
    Y18                                               0.000     0.000 r  clk
                         net (fo=0)                   0.000     0.000    clk
    Y18                  IBUF (Prop_ibuf_I_O)         0.501     0.501 r  clk_IBUF_inst/O
                         net (fo=1, routed)           0.695     1.195    clk_IBUF
    BUFGCTRL_X0Y0        BUFG (Prop_bufg_I_O)         0.029     1.224 r  clk_IBUF_BUFG_inst/O
                         net (fo=254, routed)         0.872     2.096    key3_cond/CLK
    SLICE_X80Y53         FDCE                                         r  key3_cond/count_reg[15]/C
                         clock pessimism             -0.518     1.578    <hidden>
    SLICE_X80Y53         FDCE (Hold_fdce_C_D)         0.131     1.709    key3_cond/count_reg[15]
  -------------------------------------------------------------------
                         required time                         -1.709    <hidden>
                         arrival time                           1.940    <hidden>
  -------------------------------------------------------------------
                         slack                                  0.232    <hidden>

Slack (MET) :             0.235ns  (arrival time - required time)
  Source:                 key_beep_counter_reg[3]/C
                            (rising edge-triggered cell FDRE clocked by sys_clk  {rise@0.000ns fall@10.000ns period=20.000ns})
  Destination:            key_beep_counter_reg[4]/D
                            (rising edge-triggered cell FDRE clocked by sys_clk  {rise@0.000ns fall@10.000ns period=20.000ns})
  Path Group:             sys_clk
  Path Type:              Hold (Min at Fast Process Corner)
  Requirement:            0.000ns  (sys_clk rise@0.000ns - sys_clk rise@0.000ns)
  Data Path Delay:        0.369ns  (logic 0.293ns (79.405%)  route 0.076ns (20.595%))
  Logic Levels:           1  (CARRY4=1)
  Clock Path Skew:        0.000ns (DCD - SCD - CPR)
    Destination Clock Delay (DCD):    2.100ns
    Source Clock Delay      (SCD):    1.582ns
    Clock Pessimism Removal (CPR):    0.518ns

    Location             Delay type                Incr(ns)  Path(ns)    Netlist Resource(s)
  -------------------------------------------------------------------    -------------------
                         (clock sys_clk rise edge)    0.000     0.000 r  <hidden>
    Y18                                               0.000     0.000 r  clk
                         net (fo=0)                   0.000     0.000    clk
    Y18                  IBUF (Prop_ibuf_I_O)         0.312     0.312 r  clk_IBUF_inst/O
                         net (fo=1, routed)           0.640     0.952    clk_IBUF
    BUFGCTRL_X0Y0        BUFG (Prop_bufg_I_O)         0.026     0.978 r  clk_IBUF_BUFG_inst/O
                         net (fo=254, routed)         0.604     1.582    clk_IBUF_BUFG
    SLICE_X84Y54         FDRE                                         r  key_beep_counter_reg[3]/C
  -------------------------------------------------------------------    -------------------
    SLICE_X84Y54         FDRE (Prop_fdre_C_Q)         0.164     1.746 r  key_beep_counter_reg[3]/Q
                         net (fo=3, routed)           0.076     1.822    key2_cond/Q[3]
    SLICE_X84Y54         CARRY4 (Prop_carry4_DI[2]_O[3])
                                                      0.129     1.951 r  key2_cond/key_beep_counter_reg[4]_i_1/O[3]
                         net (fo=1, routed)           0.000     1.951    key_beep_counter01_in[4]
    SLICE_X84Y54         FDRE                                         r  key_beep_counter_reg[4]/D
  -------------------------------------------------------------------    -------------------

                         (clock sys_clk rise edge)    0.000     0.000 r  <hidden>
    Y18                                               0.000     0.000 r  clk
                         net (fo=0)                   0.000     0.000    clk
    Y18                  IBUF (Prop_ibuf_I_O)         0.501     0.501 r  clk_IBUF_inst/O
                         net (fo=1, routed)           0.695     1.195    clk_IBUF
    BUFGCTRL_X0Y0        BUFG (Prop_bufg_I_O)         0.029     1.224 r  clk_IBUF_BUFG_inst/O
                         net (fo=254, routed)         0.876     2.100    clk_IBUF_BUFG
    SLICE_X84Y54         FDRE                                         r  key_beep_counter_reg[4]/C
                         clock pessimism             -0.518     1.582    <hidden>
    SLICE_X84Y54         FDRE (Hold_fdre_C_D)         0.134     1.716    key_beep_counter_reg[4]
  -------------------------------------------------------------------
                         required time                         -1.716    <hidden>
                         arrival time                           1.951    <hidden>
  -------------------------------------------------------------------
                         slack                                  0.235    <hidden>

Slack (MET) :             0.235ns  (arrival time - required time)
  Source:                 key_beep_counter_reg[19]/C
                            (rising edge-triggered cell FDRE clocked by sys_clk  {rise@0.000ns fall@10.000ns period=20.000ns})
  Destination:            key_beep_counter_reg[20]/D
                            (rising edge-triggered cell FDRE clocked by sys_clk  {rise@0.000ns fall@10.000ns period=20.000ns})
  Path Group:             sys_clk
  Path Type:              Hold (Min at Fast Process Corner)
  Requirement:            0.000ns  (sys_clk rise@0.000ns - sys_clk rise@0.000ns)
  Data Path Delay:        0.369ns  (logic 0.293ns (79.368%)  route 0.076ns (20.632%))
  Logic Levels:           1  (CARRY4=1)
  Clock Path Skew:        0.000ns (DCD - SCD - CPR)
    Destination Clock Delay (DCD):    2.099ns
    Source Clock Delay      (SCD):    1.581ns
    Clock Pessimism Removal (CPR):    0.518ns

    Location             Delay type                Incr(ns)  Path(ns)    Netlist Resource(s)
  -------------------------------------------------------------------    -------------------
                         (clock sys_clk rise edge)    0.000     0.000 r  <hidden>
    Y18                                               0.000     0.000 r  clk
                         net (fo=0)                   0.000     0.000    clk
    Y18                  IBUF (Prop_ibuf_I_O)         0.312     0.312 r  clk_IBUF_inst/O
                         net (fo=1, routed)           0.640     0.952    clk_IBUF
    BUFGCTRL_X0Y0        BUFG (Prop_bufg_I_O)         0.026     0.978 r  clk_IBUF_BUFG_inst/O
                         net (fo=254, routed)         0.603     1.581    clk_IBUF_BUFG
    SLICE_X84Y58         FDRE                                         r  key_beep_counter_reg[19]/C
  -------------------------------------------------------------------    -------------------
    SLICE_X84Y58         FDRE (Prop_fdre_C_Q)         0.164     1.745 r  key_beep_counter_reg[19]/Q
                         net (fo=3, routed)           0.076     1.821    key2_cond/Q[19]
    SLICE_X84Y58         CARRY4 (Prop_carry4_DI[2]_O[3])
                                                      0.129     1.950 r  key2_cond/key_beep_counter_reg[20]_i_1/O[3]
                         net (fo=1, routed)           0.000     1.950    key_beep_counter01_in[20]
    SLICE_X84Y58         FDRE                                         r  key_beep_counter_reg[20]/D
  -------------------------------------------------------------------    -------------------

                         (clock sys_clk rise edge)    0.000     0.000 r  <hidden>
    Y18                                               0.000     0.000 r  clk
                         net (fo=0)                   0.000     0.000    clk
    Y18                  IBUF (Prop_ibuf_I_O)         0.501     0.501 r  clk_IBUF_inst/O
                         net (fo=1, routed)           0.695     1.195    clk_IBUF
    BUFGCTRL_X0Y0        BUFG (Prop_bufg_I_O)         0.029     1.224 r  clk_IBUF_BUFG_inst/O
                         net (fo=254, routed)         0.875     2.099    clk_IBUF_BUFG
    SLICE_X84Y58         FDRE                                         r  key_beep_counter_reg[20]/C
                         clock pessimism             -0.518     1.581    <hidden>
    SLICE_X84Y58         FDRE (Hold_fdre_C_D)         0.134     1.715    key_beep_counter_reg[20]
  -------------------------------------------------------------------
                         required time                         -1.715    <hidden>
                         arrival time                           1.950    <hidden>
  -------------------------------------------------------------------
                         slack                                  0.235    <hidden>

Slack (MET) :             0.236ns  (arrival time - required time)
  Source:                 key3_cond/sync_reg_reg[1]/C
                            (rising edge-triggered cell FDCE clocked by sys_clk  {rise@0.000ns fall@10.000ns period=20.000ns})
  Destination:            key3_cond/count_reg[16]/D
                            (rising edge-triggered cell FDCE clocked by sys_clk  {rise@0.000ns fall@10.000ns period=20.000ns})
  Path Group:             sys_clk
  Path Type:              Hold (Min at Fast Process Corner)
  Requirement:            0.000ns  (sys_clk rise@0.000ns - sys_clk rise@0.000ns)
  Data Path Delay:        0.367ns  (logic 0.249ns (67.928%)  route 0.118ns (32.072%))
  Logic Levels:           1  (LUT4=1)
  Clock Path Skew:        0.000ns (DCD - SCD - CPR)
    Destination Clock Delay (DCD):    2.096ns
    Source Clock Delay      (SCD):    1.578ns
    Clock Pessimism Removal (CPR):    0.518ns

    Location             Delay type                Incr(ns)  Path(ns)    Netlist Resource(s)
  -------------------------------------------------------------------    -------------------
                         (clock sys_clk rise edge)    0.000     0.000 r  <hidden>
    Y18                                               0.000     0.000 r  clk
                         net (fo=0)                   0.000     0.000    clk
    Y18                  IBUF (Prop_ibuf_I_O)         0.312     0.312 r  clk_IBUF_inst/O
                         net (fo=1, routed)           0.640     0.952    clk_IBUF
    BUFGCTRL_X0Y0        BUFG (Prop_bufg_I_O)         0.026     0.978 r  clk_IBUF_BUFG_inst/O
                         net (fo=254, routed)         0.600     1.578    key3_cond/CLK
    SLICE_X80Y53         FDCE                                         r  key3_cond/sync_reg_reg[1]/C
  -------------------------------------------------------------------    -------------------
    SLICE_X80Y53         FDCE (Prop_fdce_C_Q)         0.148     1.726 r  key3_cond/sync_reg_reg[1]/Q
                         net (fo=20, routed)          0.118     1.843    key3_cond/p_0_in
    SLICE_X80Y53         LUT4 (Prop_lut4_I1_O)        0.101     1.944 r  key3_cond/count[16]_i_1__1/O
                         net (fo=1, routed)           0.000     1.944    key3_cond/count[16]_i_1__1_n_0
    SLICE_X80Y53         FDCE                                         r  key3_cond/count_reg[16]/D
  -------------------------------------------------------------------    -------------------

                         (clock sys_clk rise edge)    0.000     0.000 r  <hidden>
    Y18                                               0.000     0.000 r  clk
                         net (fo=0)                   0.000     0.000    clk
    Y18                  IBUF (Prop_ibuf_I_O)         0.501     0.501 r  clk_IBUF_inst/O
                         net (fo=1, routed)           0.695     1.195    clk_IBUF
    BUFGCTRL_X0Y0        BUFG (Prop_bufg_I_O)         0.029     1.224 r  clk_IBUF_BUFG_inst/O
                         net (fo=254, routed)         0.872     2.096    key3_cond/CLK
    SLICE_X80Y53         FDCE                                         r  key3_cond/count_reg[16]/C
                         clock pessimism             -0.518     1.578    <hidden>
    SLICE_X80Y53         FDCE (Hold_fdce_C_D)         0.131     1.709    key3_cond/count_reg[16]
  -------------------------------------------------------------------
                         required time                         -1.709    <hidden>
                         arrival time                           1.944    <hidden>
  -------------------------------------------------------------------
                         slack                                  0.236    <hidden>





Pulse Width Checks
--------------------------------------------------------------------------------------
Clock Name:         sys_clk
Waveform(ns):       { 0.000 10.000 }
Period(ns):         20.000
Sources:            { clk }

Check Type        Corner  Lib Pin  Reference Pin  Required(ns)  Actual(ns)  Slack(ns)  Location       Pin
Min Period        n/a     BUFG/I   n/a            1.592         20.000      18.408     BUFGCTRL_X0Y0  clk_IBUF_BUFG_inst/I
Min Period        n/a     FDRE/C   n/a            1.000         20.000      19.000     SLICE_X81Y53   buzzer_divider_reg[0]/C
Min Period        n/a     FDRE/C   n/a            1.000         20.000      19.000     SLICE_X81Y55   buzzer_divider_reg[10]/C
Min Period        n/a     FDRE/C   n/a            1.000         20.000      19.000     SLICE_X81Y55   buzzer_divider_reg[11]/C
Min Period        n/a     FDRE/C   n/a            1.000         20.000      19.000     SLICE_X81Y56   buzzer_divider_reg[12]/C
Min Period        n/a     FDRE/C   n/a            1.000         20.000      19.000     SLICE_X81Y56   buzzer_divider_reg[13]/C
Min Period        n/a     FDRE/C   n/a            1.000         20.000      19.000     SLICE_X81Y56   buzzer_divider_reg[14]/C
Min Period        n/a     FDRE/C   n/a            1.000         20.000      19.000     SLICE_X81Y56   buzzer_divider_reg[15]/C
Min Period        n/a     FDRE/C   n/a            1.000         20.000      19.000     SLICE_X81Y53   buzzer_divider_reg[1]/C
Min Period        n/a     FDRE/C   n/a            1.000         20.000      19.000     SLICE_X81Y53   buzzer_divider_reg[2]/C
Low Pulse Width   Slow    FDRE/C   n/a            0.500         10.000      9.500      SLICE_X81Y53   buzzer_divider_reg[0]/C
Low Pulse Width   Fast    FDRE/C   n/a            0.500         10.000      9.500      SLICE_X81Y53   buzzer_divider_reg[0]/C
Low Pulse Width   Slow    FDRE/C   n/a            0.500         10.000      9.500      SLICE_X81Y55   buzzer_divider_reg[10]/C
Low Pulse Width   Fast    FDRE/C   n/a            0.500         10.000      9.500      SLICE_X81Y55   buzzer_divider_reg[10]/C
Low Pulse Width   Slow    FDRE/C   n/a            0.500         10.000      9.500      SLICE_X81Y55   buzzer_divider_reg[11]/C
Low Pulse Width   Fast    FDRE/C   n/a            0.500         10.000      9.500      SLICE_X81Y55   buzzer_divider_reg[11]/C
Low Pulse Width   Slow    FDRE/C   n/a            0.500         10.000      9.500      SLICE_X81Y56   buzzer_divider_reg[12]/C
Low Pulse Width   Fast    FDRE/C   n/a            0.500         10.000      9.500      SLICE_X81Y56   buzzer_divider_reg[12]/C
Low Pulse Width   Slow    FDRE/C   n/a            0.500         10.000      9.500      SLICE_X81Y56   buzzer_divider_reg[13]/C
Low Pulse Width   Fast    FDRE/C   n/a            0.500         10.000      9.500      SLICE_X81Y56   buzzer_divider_reg[13]/C
High Pulse Width  Slow    FDRE/C   n/a            0.500         10.000      9.500      SLICE_X81Y53   buzzer_divider_reg[0]/C
High Pulse Width  Fast    FDRE/C   n/a            0.500         10.000      9.500      SLICE_X81Y53   buzzer_divider_reg[0]/C
High Pulse Width  Slow    FDRE/C   n/a            0.500         10.000      9.500      SLICE_X81Y55   buzzer_divider_reg[10]/C
High Pulse Width  Fast    FDRE/C   n/a            0.500         10.000      9.500      SLICE_X81Y55   buzzer_divider_reg[10]/C
High Pulse Width  Slow    FDRE/C   n/a            0.500         10.000      9.500      SLICE_X81Y55   buzzer_divider_reg[11]/C
High Pulse Width  Fast    FDRE/C   n/a            0.500         10.000      9.500      SLICE_X81Y55   buzzer_divider_reg[11]/C
High Pulse Width  Slow    FDRE/C   n/a            0.500         10.000      9.500      SLICE_X81Y56   buzzer_divider_reg[12]/C
High Pulse Width  Fast    FDRE/C   n/a            0.500         10.000      9.500      SLICE_X81Y56   buzzer_divider_reg[12]/C
High Pulse Width  Slow    FDRE/C   n/a            0.500         10.000      9.500      SLICE_X81Y56   buzzer_divider_reg[13]/C
High Pulse Width  Fast    FDRE/C   n/a            0.500         10.000      9.500      SLICE_X81Y56   buzzer_divider_reg[13]/C



---------------------------------------------------------------------------------------------------
Path Group:  **async_default**
From Clock:  sys_clk
  To Clock:  sys_clk

Setup :            0  Failing Endpoints,  Worst Slack       13.404ns,  Total Violation        0.000ns
Hold  :            0  Failing Endpoints,  Worst Slack        0.871ns,  Total Violation        0.000ns
---------------------------------------------------------------------------------------------------


Max Delay Paths
--------------------------------------------------------------------------------------
Slack (MET) :             13.404ns  (required time - arrival time)
  Source:                 power_on_reset_count_reg[7]/C
                            (rising edge-triggered cell FDRE clocked by sys_clk  {rise@0.000ns fall@10.000ns period=20.000ns})
  Destination:            key1_cond/count_reg[1]/CLR
                            (recovery check against rising-edge clock sys_clk  {rise@0.000ns fall@10.000ns period=20.000ns})
  Path Group:             **async_default**
  Path Type:              Recovery (Max at Slow Process Corner)
  Requirement:            20.000ns  (sys_clk rise@20.000ns - sys_clk rise@0.000ns)
  Data Path Delay:        6.275ns  (logic 0.853ns (13.593%)  route 5.422ns (86.407%))
  Logic Levels:           4  (LUT4=1 LUT6=3)
  Clock Path Skew:        0.006ns (DCD - SCD + CPR)
    Destination Clock Delay (DCD):    4.553ns = ( 24.553 - 20.000 ) 
    Source Clock Delay      (SCD):    4.712ns
    Clock Pessimism Removal (CPR):    0.165ns
  Clock Uncertainty:      0.035ns  ((TSJ^2 + TIJ^2)^1/2 + DJ) / 2 + PE
    Total System Jitter     (TSJ):    0.071ns
    Total Input Jitter      (TIJ):    0.000ns
    Discrete Jitter          (DJ):    0.000ns
    Phase Error              (PE):    0.000ns

    Location             Delay type                Incr(ns)  Path(ns)    Netlist Resource(s)
  -------------------------------------------------------------------    -------------------
                         (clock sys_clk rise edge)    0.000     0.000 r  <hidden>
    Y18                                               0.000     0.000 r  clk
                         net (fo=0)                   0.000     0.000    clk
    Y18                  IBUF (Prop_ibuf_I_O)         1.476     1.476 r  clk_IBUF_inst/O
                         net (fo=1, routed)           1.709     3.185    clk_IBUF
    BUFGCTRL_X0Y0        BUFG (Prop_bufg_I_O)         0.081     3.266 r  clk_IBUF_BUFG_inst/O
                         net (fo=254, routed)         1.446     4.712    clk_IBUF_BUFG
    SLICE_X78Y64         FDRE                                         r  power_on_reset_count_reg[7]/C
  -------------------------------------------------------------------    -------------------
    SLICE_X78Y64         FDRE (Prop_fdre_C_Q)         0.433     5.145 r  power_on_reset_count_reg[7]/Q
                         net (fo=2, routed)           0.884     6.029    core/power_on_reset_count_reg[7]
    SLICE_X79Y64         LUT4 (Prop_lut4_I1_O)        0.105     6.134 f  core/power_on_reset_count[0]_i_6/O
                         net (fo=1, routed)           0.510     6.644    core/power_on_reset_count[0]_i_6_n_0
    SLICE_X79Y65         LUT6 (Prop_lut6_I4_O)        0.105     6.749 f  core/power_on_reset_count[0]_i_4/O
                         net (fo=1, routed)           0.343     7.092    core/power_on_reset_count[0]_i_4_n_0
    SLICE_X79Y65         LUT6 (Prop_lut6_I5_O)        0.105     7.197 f  core/power_on_reset_count[0]_i_1/O
                         net (fo=21, routed)          0.480     7.676    key4_cond/sync_reg_reg[1]_0
    SLICE_X79Y62         LUT6 (Prop_lut6_I0_O)        0.105     7.781 f  key4_cond/sync_reg[1]_i_1/O
                         net (fo=181, routed)         3.205    10.987    key1_cond/reset
    SLICE_X76Y49         FDCE                                         f  key1_cond/count_reg[1]/CLR
  -------------------------------------------------------------------    -------------------

                         (clock sys_clk rise edge)   20.000    20.000 r  <hidden>
    Y18                                               0.000    20.000 r  clk
                         net (fo=0)                   0.000    20.000    clk
    Y18                  IBUF (Prop_ibuf_I_O)         1.409    21.409 r  clk_IBUF_inst/O
                         net (fo=1, routed)           1.620    23.030    clk_IBUF
    BUFGCTRL_X0Y0        BUFG (Prop_bufg_I_O)         0.077    23.107 r  clk_IBUF_BUFG_inst/O
                         net (fo=254, routed)         1.446    24.553    key1_cond/CLK
    SLICE_X76Y49         FDCE                                         r  key1_cond/count_reg[1]/C
                         clock pessimism              0.165    24.718    <hidden>
                         clock uncertainty           -0.035    24.682    <hidden>
    SLICE_X76Y49         FDCE (Recov_fdce_C_CLR)     -0.292    24.390    key1_cond/count_reg[1]
  -------------------------------------------------------------------
                         required time                         24.390    <hidden>
                         arrival time                         -10.987    <hidden>
  -------------------------------------------------------------------
                         slack                                 13.404    <hidden>

Slack (MET) :             13.404ns  (required time - arrival time)
  Source:                 power_on_reset_count_reg[7]/C
                            (rising edge-triggered cell FDRE clocked by sys_clk  {rise@0.000ns fall@10.000ns period=20.000ns})
  Destination:            key1_cond/count_reg[3]/CLR
                            (recovery check against rising-edge clock sys_clk  {rise@0.000ns fall@10.000ns period=20.000ns})
  Path Group:             **async_default**
  Path Type:              Recovery (Max at Slow Process Corner)
  Requirement:            20.000ns  (sys_clk rise@20.000ns - sys_clk rise@0.000ns)
  Data Path Delay:        6.275ns  (logic 0.853ns (13.593%)  route 5.422ns (86.407%))
  Logic Levels:           4  (LUT4=1 LUT6=3)
  Clock Path Skew:        0.006ns (DCD - SCD + CPR)
    Destination Clock Delay (DCD):    4.553ns = ( 24.553 - 20.000 ) 
    Source Clock Delay      (SCD):    4.712ns
    Clock Pessimism Removal (CPR):    0.165ns
  Clock Uncertainty:      0.035ns  ((TSJ^2 + TIJ^2)^1/2 + DJ) / 2 + PE
    Total System Jitter     (TSJ):    0.071ns
    Total Input Jitter      (TIJ):    0.000ns
    Discrete Jitter          (DJ):    0.000ns
    Phase Error              (PE):    0.000ns

    Location             Delay type                Incr(ns)  Path(ns)    Netlist Resource(s)
  -------------------------------------------------------------------    -------------------
                         (clock sys_clk rise edge)    0.000     0.000 r  <hidden>
    Y18                                               0.000     0.000 r  clk
                         net (fo=0)                   0.000     0.000    clk
    Y18                  IBUF (Prop_ibuf_I_O)         1.476     1.476 r  clk_IBUF_inst/O
                         net (fo=1, routed)           1.709     3.185    clk_IBUF
    BUFGCTRL_X0Y0        BUFG (Prop_bufg_I_O)         0.081     3.266 r  clk_IBUF_BUFG_inst/O
                         net (fo=254, routed)         1.446     4.712    clk_IBUF_BUFG
    SLICE_X78Y64         FDRE                                         r  power_on_reset_count_reg[7]/C
  -------------------------------------------------------------------    -------------------
    SLICE_X78Y64         FDRE (Prop_fdre_C_Q)         0.433     5.145 r  power_on_reset_count_reg[7]/Q
                         net (fo=2, routed)           0.884     6.029    core/power_on_reset_count_reg[7]
    SLICE_X79Y64         LUT4 (Prop_lut4_I1_O)        0.105     6.134 f  core/power_on_reset_count[0]_i_6/O
                         net (fo=1, routed)           0.510     6.644    core/power_on_reset_count[0]_i_6_n_0
    SLICE_X79Y65         LUT6 (Prop_lut6_I4_O)        0.105     6.749 f  core/power_on_reset_count[0]_i_4/O
                         net (fo=1, routed)           0.343     7.092    core/power_on_reset_count[0]_i_4_n_0
    SLICE_X79Y65         LUT6 (Prop_lut6_I5_O)        0.105     7.197 f  core/power_on_reset_count[0]_i_1/O
                         net (fo=21, routed)          0.480     7.676    key4_cond/sync_reg_reg[1]_0
    SLICE_X79Y62         LUT6 (Prop_lut6_I0_O)        0.105     7.781 f  key4_cond/sync_reg[1]_i_1/O
                         net (fo=181, routed)         3.205    10.987    key1_cond/reset
    SLICE_X76Y49         FDCE                                         f  key1_cond/count_reg[3]/CLR
  -------------------------------------------------------------------    -------------------

                         (clock sys_clk rise edge)   20.000    20.000 r  <hidden>
    Y18                                               0.000    20.000 r  clk
                         net (fo=0)                   0.000    20.000    clk
    Y18                  IBUF (Prop_ibuf_I_O)         1.409    21.409 r  clk_IBUF_inst/O
                         net (fo=1, routed)           1.620    23.030    clk_IBUF
    BUFGCTRL_X0Y0        BUFG (Prop_bufg_I_O)         0.077    23.107 r  clk_IBUF_BUFG_inst/O
                         net (fo=254, routed)         1.446    24.553    key1_cond/CLK
    SLICE_X76Y49         FDCE                                         r  key1_cond/count_reg[3]/C
                         clock pessimism              0.165    24.718    <hidden>
                         clock uncertainty           -0.035    24.682    <hidden>
    SLICE_X76Y49         FDCE (Recov_fdce_C_CLR)     -0.292    24.390    key1_cond/count_reg[3]
  -------------------------------------------------------------------
                         required time                         24.390    <hidden>
                         arrival time                         -10.987    <hidden>
  -------------------------------------------------------------------
                         slack                                 13.404    <hidden>

Slack (MET) :             13.438ns  (required time - arrival time)
  Source:                 power_on_reset_count_reg[7]/C
                            (rising edge-triggered cell FDRE clocked by sys_clk  {rise@0.000ns fall@10.000ns period=20.000ns})
  Destination:            key1_cond/count_reg[0]/CLR
                            (recovery check against rising-edge clock sys_clk  {rise@0.000ns fall@10.000ns period=20.000ns})
  Path Group:             **async_default**
  Path Type:              Recovery (Max at Slow Process Corner)
  Requirement:            20.000ns  (sys_clk rise@20.000ns - sys_clk rise@0.000ns)
  Data Path Delay:        6.275ns  (logic 0.853ns (13.593%)  route 5.422ns (86.407%))
  Logic Levels:           4  (LUT4=1 LUT6=3)
  Clock Path Skew:        0.006ns (DCD - SCD + CPR)
    Destination Clock Delay (DCD):    4.553ns = ( 24.553 - 20.000 ) 
    Source Clock Delay      (SCD):    4.712ns
    Clock Pessimism Removal (CPR):    0.165ns
  Clock Uncertainty:      0.035ns  ((TSJ^2 + TIJ^2)^1/2 + DJ) / 2 + PE
    Total System Jitter     (TSJ):    0.071ns
    Total Input Jitter      (TIJ):    0.000ns
    Discrete Jitter          (DJ):    0.000ns
    Phase Error              (PE):    0.000ns

    Location             Delay type                Incr(ns)  Path(ns)    Netlist Resource(s)
  -------------------------------------------------------------------    -------------------
                         (clock sys_clk rise edge)    0.000     0.000 r  <hidden>
    Y18                                               0.000     0.000 r  clk
                         net (fo=0)                   0.000     0.000    clk
    Y18                  IBUF (Prop_ibuf_I_O)         1.476     1.476 r  clk_IBUF_inst/O
                         net (fo=1, routed)           1.709     3.185    clk_IBUF
    BUFGCTRL_X0Y0        BUFG (Prop_bufg_I_O)         0.081     3.266 r  clk_IBUF_BUFG_inst/O
                         net (fo=254, routed)         1.446     4.712    clk_IBUF_BUFG
    SLICE_X78Y64         FDRE                                         r  power_on_reset_count_reg[7]/C
  -------------------------------------------------------------------    -------------------
    SLICE_X78Y64         FDRE (Prop_fdre_C_Q)         0.433     5.145 r  power_on_reset_count_reg[7]/Q
                         net (fo=2, routed)           0.884     6.029    core/power_on_reset_count_reg[7]
    SLICE_X79Y64         LUT4 (Prop_lut4_I1_O)        0.105     6.134 f  core/power_on_reset_count[0]_i_6/O
                         net (fo=1, routed)           0.510     6.644    core/power_on_reset_count[0]_i_6_n_0
    SLICE_X79Y65         LUT6 (Prop_lut6_I4_O)        0.105     6.749 f  core/power_on_reset_count[0]_i_4/O
                         net (fo=1, routed)           0.343     7.092    core/power_on_reset_count[0]_i_4_n_0
    SLICE_X79Y65         LUT6 (Prop_lut6_I5_O)        0.105     7.197 f  core/power_on_reset_count[0]_i_1/O
                         net (fo=21, routed)          0.480     7.676    key4_cond/sync_reg_reg[1]_0
    SLICE_X79Y62         LUT6 (Prop_lut6_I0_O)        0.105     7.781 f  key4_cond/sync_reg[1]_i_1/O
                         net (fo=181, routed)         3.205    10.987    key1_cond/reset
    SLICE_X76Y49         FDCE                                         f  key1_cond/count_reg[0]/CLR
  -------------------------------------------------------------------    -------------------

                         (clock sys_clk rise edge)   20.000    20.000 r  <hidden>
    Y18                                               0.000    20.000 r  clk
                         net (fo=0)                   0.000    20.000    clk
    Y18                  IBUF (Prop_ibuf_I_O)         1.409    21.409 r  clk_IBUF_inst/O
                         net (fo=1, routed)           1.620    23.030    clk_IBUF
    BUFGCTRL_X0Y0        BUFG (Prop_bufg_I_O)         0.077    23.107 r  clk_IBUF_BUFG_inst/O
                         net (fo=254, routed)         1.446    24.553    key1_cond/CLK
    SLICE_X76Y49         FDCE                                         r  key1_cond/count_reg[0]/C
                         clock pessimism              0.165    24.718    <hidden>
                         clock uncertainty           -0.035    24.682    <hidden>
    SLICE_X76Y49         FDCE (Recov_fdce_C_CLR)     -0.258    24.424    key1_cond/count_reg[0]
  -------------------------------------------------------------------
                         required time                         24.424    <hidden>
                         arrival time                         -10.987    <hidden>
  -------------------------------------------------------------------
                         slack                                 13.438    <hidden>

Slack (MET) :             13.438ns  (required time - arrival time)
  Source:                 power_on_reset_count_reg[7]/C
                            (rising edge-triggered cell FDRE clocked by sys_clk  {rise@0.000ns fall@10.000ns period=20.000ns})
  Destination:            key1_cond/count_reg[2]/CLR
                            (recovery check against rising-edge clock sys_clk  {rise@0.000ns fall@10.000ns period=20.000ns})
  Path Group:             **async_default**
  Path Type:              Recovery (Max at Slow Process Corner)
  Requirement:            20.000ns  (sys_clk rise@20.000ns - sys_clk rise@0.000ns)
  Data Path Delay:        6.275ns  (logic 0.853ns (13.593%)  route 5.422ns (86.407%))
  Logic Levels:           4  (LUT4=1 LUT6=3)
  Clock Path Skew:        0.006ns (DCD - SCD + CPR)
    Destination Clock Delay (DCD):    4.553ns = ( 24.553 - 20.000 ) 
    Source Clock Delay      (SCD):    4.712ns
    Clock Pessimism Removal (CPR):    0.165ns
  Clock Uncertainty:      0.035ns  ((TSJ^2 + TIJ^2)^1/2 + DJ) / 2 + PE
    Total System Jitter     (TSJ):    0.071ns
    Total Input Jitter      (TIJ):    0.000ns
    Discrete Jitter          (DJ):    0.000ns
    Phase Error              (PE):    0.000ns

    Location             Delay type                Incr(ns)  Path(ns)    Netlist Resource(s)
  -------------------------------------------------------------------    -------------------
                         (clock sys_clk rise edge)    0.000     0.000 r  <hidden>
    Y18                                               0.000     0.000 r  clk
                         net (fo=0)                   0.000     0.000    clk
    Y18                  IBUF (Prop_ibuf_I_O)         1.476     1.476 r  clk_IBUF_inst/O
                         net (fo=1, routed)           1.709     3.185    clk_IBUF
    BUFGCTRL_X0Y0        BUFG (Prop_bufg_I_O)         0.081     3.266 r  clk_IBUF_BUFG_inst/O
                         net (fo=254, routed)         1.446     4.712    clk_IBUF_BUFG
    SLICE_X78Y64         FDRE                                         r  power_on_reset_count_reg[7]/C
  -------------------------------------------------------------------    -------------------
    SLICE_X78Y64         FDRE (Prop_fdre_C_Q)         0.433     5.145 r  power_on_reset_count_reg[7]/Q
                         net (fo=2, routed)           0.884     6.029    core/power_on_reset_count_reg[7]
    SLICE_X79Y64         LUT4 (Prop_lut4_I1_O)        0.105     6.134 f  core/power_on_reset_count[0]_i_6/O
                         net (fo=1, routed)           0.510     6.644    core/power_on_reset_count[0]_i_6_n_0
    SLICE_X79Y65         LUT6 (Prop_lut6_I4_O)        0.105     6.749 f  core/power_on_reset_count[0]_i_4/O
                         net (fo=1, routed)           0.343     7.092    core/power_on_reset_count[0]_i_4_n_0
    SLICE_X79Y65         LUT6 (Prop_lut6_I5_O)        0.105     7.197 f  core/power_on_reset_count[0]_i_1/O
                         net (fo=21, routed)          0.480     7.676    key4_cond/sync_reg_reg[1]_0
    SLICE_X79Y62         LUT6 (Prop_lut6_I0_O)        0.105     7.781 f  key4_cond/sync_reg[1]_i_1/O
                         net (fo=181, routed)         3.205    10.987    key1_cond/reset
    SLICE_X76Y49         FDCE                                         f  key1_cond/count_reg[2]/CLR
  -------------------------------------------------------------------    -------------------

                         (clock sys_clk rise edge)   20.000    20.000 r  <hidden>
    Y18                                               0.000    20.000 r  clk
                         net (fo=0)                   0.000    20.000    clk
    Y18                  IBUF (Prop_ibuf_I_O)         1.409    21.409 r  clk_IBUF_inst/O
                         net (fo=1, routed)           1.620    23.030    clk_IBUF
    BUFGCTRL_X0Y0        BUFG (Prop_bufg_I_O)         0.077    23.107 r  clk_IBUF_BUFG_inst/O
                         net (fo=254, routed)         1.446    24.553    key1_cond/CLK
    SLICE_X76Y49         FDCE                                         r  key1_cond/count_reg[2]/C
                         clock pessimism              0.165    24.718    <hidden>
                         clock uncertainty           -0.035    24.682    <hidden>
    SLICE_X76Y49         FDCE (Recov_fdce_C_CLR)     -0.258    24.424    key1_cond/count_reg[2]
  -------------------------------------------------------------------
                         required time                         24.424    <hidden>
                         arrival time                         -10.987    <hidden>
  -------------------------------------------------------------------
                         slack                                 13.438    <hidden>

Slack (MET) :             13.597ns  (required time - arrival time)
  Source:                 power_on_reset_count_reg[7]/C
                            (rising edge-triggered cell FDRE clocked by sys_clk  {rise@0.000ns fall@10.000ns period=20.000ns})
  Destination:            key2_cond/count_reg[0]/CLR
                            (recovery check against rising-edge clock sys_clk  {rise@0.000ns fall@10.000ns period=20.000ns})
  Path Group:             **async_default**
  Path Type:              Recovery (Max at Slow Process Corner)
  Requirement:            20.000ns  (sys_clk rise@20.000ns - sys_clk rise@0.000ns)
  Data Path Delay:        6.043ns  (logic 0.853ns (14.115%)  route 5.190ns (85.885%))
  Logic Levels:           4  (LUT4=1 LUT6=3)
  Clock Path Skew:        0.006ns (DCD - SCD + CPR)
    Destination Clock Delay (DCD):    4.553ns = ( 24.553 - 20.000 ) 
    Source Clock Delay      (SCD):    4.712ns
    Clock Pessimism Removal (CPR):    0.165ns
  Clock Uncertainty:      0.035ns  ((TSJ^2 + TIJ^2)^1/2 + DJ) / 2 + PE
    Total System Jitter     (TSJ):    0.071ns
    Total Input Jitter      (TIJ):    0.000ns
    Discrete Jitter          (DJ):    0.000ns
    Phase Error              (PE):    0.000ns

    Location             Delay type                Incr(ns)  Path(ns)    Netlist Resource(s)
  -------------------------------------------------------------------    -------------------
                         (clock sys_clk rise edge)    0.000     0.000 r  <hidden>
    Y18                                               0.000     0.000 r  clk
                         net (fo=0)                   0.000     0.000    clk
    Y18                  IBUF (Prop_ibuf_I_O)         1.476     1.476 r  clk_IBUF_inst/O
                         net (fo=1, routed)           1.709     3.185    clk_IBUF
    BUFGCTRL_X0Y0        BUFG (Prop_bufg_I_O)         0.081     3.266 r  clk_IBUF_BUFG_inst/O
                         net (fo=254, routed)         1.446     4.712    clk_IBUF_BUFG
    SLICE_X78Y64         FDRE                                         r  power_on_reset_count_reg[7]/C
  -------------------------------------------------------------------    -------------------
    SLICE_X78Y64         FDRE (Prop_fdre_C_Q)         0.433     5.145 r  power_on_reset_count_reg[7]/Q
                         net (fo=2, routed)           0.884     6.029    core/power_on_reset_count_reg[7]
    SLICE_X79Y64         LUT4 (Prop_lut4_I1_O)        0.105     6.134 f  core/power_on_reset_count[0]_i_6/O
                         net (fo=1, routed)           0.510     6.644    core/power_on_reset_count[0]_i_6_n_0
    SLICE_X79Y65         LUT6 (Prop_lut6_I4_O)        0.105     6.749 f  core/power_on_reset_count[0]_i_4/O
                         net (fo=1, routed)           0.343     7.092    core/power_on_reset_count[0]_i_4_n_0
    SLICE_X79Y65         LUT6 (Prop_lut6_I5_O)        0.105     7.197 f  core/power_on_reset_count[0]_i_1/O
                         net (fo=21, routed)          0.480     7.676    key4_cond/sync_reg_reg[1]_0
    SLICE_X79Y62         LUT6 (Prop_lut6_I0_O)        0.105     7.781 f  key4_cond/sync_reg[1]_i_1/O
                         net (fo=181, routed)         2.973    10.755    key2_cond/reset
    SLICE_X72Y49         FDCE                                         f  key2_cond/count_reg[0]/CLR
  -------------------------------------------------------------------    -------------------

                         (clock sys_clk rise edge)   20.000    20.000 r  <hidden>
    Y18                                               0.000    20.000 r  clk
                         net (fo=0)                   0.000    20.000    clk
    Y18                  IBUF (Prop_ibuf_I_O)         1.409    21.409 r  clk_IBUF_inst/O
                         net (fo=1, routed)           1.620    23.030    clk_IBUF
    BUFGCTRL_X0Y0        BUFG (Prop_bufg_I_O)         0.077    23.107 r  clk_IBUF_BUFG_inst/O
                         net (fo=254, routed)         1.446    24.553    key2_cond/CLK
    SLICE_X72Y49         FDCE                                         r  key2_cond/count_reg[0]/C
                         clock pessimism              0.165    24.718    <hidden>
                         clock uncertainty           -0.035    24.682    <hidden>
    SLICE_X72Y49         FDCE (Recov_fdce_C_CLR)     -0.331    24.351    key2_cond/count_reg[0]
  -------------------------------------------------------------------
                         required time                         24.351    <hidden>
                         arrival time                         -10.755    <hidden>
  -------------------------------------------------------------------
                         slack                                 13.597    <hidden>

Slack (MET) :             13.597ns  (required time - arrival time)
  Source:                 power_on_reset_count_reg[7]/C
                            (rising edge-triggered cell FDRE clocked by sys_clk  {rise@0.000ns fall@10.000ns period=20.000ns})
  Destination:            key2_cond/count_reg[1]/CLR
                            (recovery check against rising-edge clock sys_clk  {rise@0.000ns fall@10.000ns period=20.000ns})
  Path Group:             **async_default**
  Path Type:              Recovery (Max at Slow Process Corner)
  Requirement:            20.000ns  (sys_clk rise@20.000ns - sys_clk rise@0.000ns)
  Data Path Delay:        6.043ns  (logic 0.853ns (14.115%)  route 5.190ns (85.885%))
  Logic Levels:           4  (LUT4=1 LUT6=3)
  Clock Path Skew:        0.006ns (DCD - SCD + CPR)
    Destination Clock Delay (DCD):    4.553ns = ( 24.553 - 20.000 ) 
    Source Clock Delay      (SCD):    4.712ns
    Clock Pessimism Removal (CPR):    0.165ns
  Clock Uncertainty:      0.035ns  ((TSJ^2 + TIJ^2)^1/2 + DJ) / 2 + PE
    Total System Jitter     (TSJ):    0.071ns
    Total Input Jitter      (TIJ):    0.000ns
    Discrete Jitter          (DJ):    0.000ns
    Phase Error              (PE):    0.000ns

    Location             Delay type                Incr(ns)  Path(ns)    Netlist Resource(s)
  -------------------------------------------------------------------    -------------------
                         (clock sys_clk rise edge)    0.000     0.000 r  <hidden>
    Y18                                               0.000     0.000 r  clk
                         net (fo=0)                   0.000     0.000    clk
    Y18                  IBUF (Prop_ibuf_I_O)         1.476     1.476 r  clk_IBUF_inst/O
                         net (fo=1, routed)           1.709     3.185    clk_IBUF
    BUFGCTRL_X0Y0        BUFG (Prop_bufg_I_O)         0.081     3.266 r  clk_IBUF_BUFG_inst/O
                         net (fo=254, routed)         1.446     4.712    clk_IBUF_BUFG
    SLICE_X78Y64         FDRE                                         r  power_on_reset_count_reg[7]/C
  -------------------------------------------------------------------    -------------------
    SLICE_X78Y64         FDRE (Prop_fdre_C_Q)         0.433     5.145 r  power_on_reset_count_reg[7]/Q
                         net (fo=2, routed)           0.884     6.029    core/power_on_reset_count_reg[7]
    SLICE_X79Y64         LUT4 (Prop_lut4_I1_O)        0.105     6.134 f  core/power_on_reset_count[0]_i_6/O
                         net (fo=1, routed)           0.510     6.644    core/power_on_reset_count[0]_i_6_n_0
    SLICE_X79Y65         LUT6 (Prop_lut6_I4_O)        0.105     6.749 f  core/power_on_reset_count[0]_i_4/O
                         net (fo=1, routed)           0.343     7.092    core/power_on_reset_count[0]_i_4_n_0
    SLICE_X79Y65         LUT6 (Prop_lut6_I5_O)        0.105     7.197 f  core/power_on_reset_count[0]_i_1/O
                         net (fo=21, routed)          0.480     7.676    key4_cond/sync_reg_reg[1]_0
    SLICE_X79Y62         LUT6 (Prop_lut6_I0_O)        0.105     7.781 f  key4_cond/sync_reg[1]_i_1/O
                         net (fo=181, routed)         2.973    10.755    key2_cond/reset
    SLICE_X72Y49         FDCE                                         f  key2_cond/count_reg[1]/CLR
  -------------------------------------------------------------------    -------------------

                         (clock sys_clk rise edge)   20.000    20.000 r  <hidden>
    Y18                                               0.000    20.000 r  clk
                         net (fo=0)                   0.000    20.000    clk
    Y18                  IBUF (Prop_ibuf_I_O)         1.409    21.409 r  clk_IBUF_inst/O
                         net (fo=1, routed)           1.620    23.030    clk_IBUF
    BUFGCTRL_X0Y0        BUFG (Prop_bufg_I_O)         0.077    23.107 r  clk_IBUF_BUFG_inst/O
                         net (fo=254, routed)         1.446    24.553    key2_cond/CLK
    SLICE_X72Y49         FDCE                                         r  key2_cond/count_reg[1]/C
                         clock pessimism              0.165    24.718    <hidden>
                         clock uncertainty           -0.035    24.682    <hidden>
    SLICE_X72Y49         FDCE (Recov_fdce_C_CLR)     -0.331    24.351    key2_cond/count_reg[1]
  -------------------------------------------------------------------
                         required time                         24.351    <hidden>
                         arrival time                         -10.755    <hidden>
  -------------------------------------------------------------------
                         slack                                 13.597    <hidden>

Slack (MET) :             13.597ns  (required time - arrival time)
  Source:                 power_on_reset_count_reg[7]/C
                            (rising edge-triggered cell FDRE clocked by sys_clk  {rise@0.000ns fall@10.000ns period=20.000ns})
  Destination:            key2_cond/count_reg[2]/CLR
                            (recovery check against rising-edge clock sys_clk  {rise@0.000ns fall@10.000ns period=20.000ns})
  Path Group:             **async_default**
  Path Type:              Recovery (Max at Slow Process Corner)
  Requirement:            20.000ns  (sys_clk rise@20.000ns - sys_clk rise@0.000ns)
  Data Path Delay:        6.043ns  (logic 0.853ns (14.115%)  route 5.190ns (85.885%))
  Logic Levels:           4  (LUT4=1 LUT6=3)
  Clock Path Skew:        0.006ns (DCD - SCD + CPR)
    Destination Clock Delay (DCD):    4.553ns = ( 24.553 - 20.000 ) 
    Source Clock Delay      (SCD):    4.712ns
    Clock Pessimism Removal (CPR):    0.165ns
  Clock Uncertainty:      0.035ns  ((TSJ^2 + TIJ^2)^1/2 + DJ) / 2 + PE
    Total System Jitter     (TSJ):    0.071ns
    Total Input Jitter      (TIJ):    0.000ns
    Discrete Jitter          (DJ):    0.000ns
    Phase Error              (PE):    0.000ns

    Location             Delay type                Incr(ns)  Path(ns)    Netlist Resource(s)
  -------------------------------------------------------------------    -------------------
                         (clock sys_clk rise edge)    0.000     0.000 r  <hidden>
    Y18                                               0.000     0.000 r  clk
                         net (fo=0)                   0.000     0.000    clk
    Y18                  IBUF (Prop_ibuf_I_O)         1.476     1.476 r  clk_IBUF_inst/O
                         net (fo=1, routed)           1.709     3.185    clk_IBUF
    BUFGCTRL_X0Y0        BUFG (Prop_bufg_I_O)         0.081     3.266 r  clk_IBUF_BUFG_inst/O
                         net (fo=254, routed)         1.446     4.712    clk_IBUF_BUFG
    SLICE_X78Y64         FDRE                                         r  power_on_reset_count_reg[7]/C
  -------------------------------------------------------------------    -------------------
    SLICE_X78Y64         FDRE (Prop_fdre_C_Q)         0.433     5.145 r  power_on_reset_count_reg[7]/Q
                         net (fo=2, routed)           0.884     6.029    core/power_on_reset_count_reg[7]
    SLICE_X79Y64         LUT4 (Prop_lut4_I1_O)        0.105     6.134 f  core/power_on_reset_count[0]_i_6/O
                         net (fo=1, routed)           0.510     6.644    core/power_on_reset_count[0]_i_6_n_0
    SLICE_X79Y65         LUT6 (Prop_lut6_I4_O)        0.105     6.749 f  core/power_on_reset_count[0]_i_4/O
                         net (fo=1, routed)           0.343     7.092    core/power_on_reset_count[0]_i_4_n_0
    SLICE_X79Y65         LUT6 (Prop_lut6_I5_O)        0.105     7.197 f  core/power_on_reset_count[0]_i_1/O
                         net (fo=21, routed)          0.480     7.676    key4_cond/sync_reg_reg[1]_0
    SLICE_X79Y62         LUT6 (Prop_lut6_I0_O)        0.105     7.781 f  key4_cond/sync_reg[1]_i_1/O
                         net (fo=181, routed)         2.973    10.755    key2_cond/reset
    SLICE_X72Y49         FDCE                                         f  key2_cond/count_reg[2]/CLR
  -------------------------------------------------------------------    -------------------

                         (clock sys_clk rise edge)   20.000    20.000 r  <hidden>
    Y18                                               0.000    20.000 r  clk
                         net (fo=0)                   0.000    20.000    clk
    Y18                  IBUF (Prop_ibuf_I_O)         1.409    21.409 r  clk_IBUF_inst/O
                         net (fo=1, routed)           1.620    23.030    clk_IBUF
    BUFGCTRL_X0Y0        BUFG (Prop_bufg_I_O)         0.077    23.107 r  clk_IBUF_BUFG_inst/O
                         net (fo=254, routed)         1.446    24.553    key2_cond/CLK
    SLICE_X72Y49         FDCE                                         r  key2_cond/count_reg[2]/C
                         clock pessimism              0.165    24.718    <hidden>
                         clock uncertainty           -0.035    24.682    <hidden>
    SLICE_X72Y49         FDCE (Recov_fdce_C_CLR)     -0.331    24.351    key2_cond/count_reg[2]
  -------------------------------------------------------------------
                         required time                         24.351    <hidden>
                         arrival time                         -10.755    <hidden>
  -------------------------------------------------------------------
                         slack                                 13.597    <hidden>

Slack (MET) :             13.597ns  (required time - arrival time)
  Source:                 power_on_reset_count_reg[7]/C
                            (rising edge-triggered cell FDRE clocked by sys_clk  {rise@0.000ns fall@10.000ns period=20.000ns})
  Destination:            key2_cond/count_reg[3]/CLR
                            (recovery check against rising-edge clock sys_clk  {rise@0.000ns fall@10.000ns period=20.000ns})
  Path Group:             **async_default**
  Path Type:              Recovery (Max at Slow Process Corner)
  Requirement:            20.000ns  (sys_clk rise@20.000ns - sys_clk rise@0.000ns)
  Data Path Delay:        6.043ns  (logic 0.853ns (14.115%)  route 5.190ns (85.885%))
  Logic Levels:           4  (LUT4=1 LUT6=3)
  Clock Path Skew:        0.006ns (DCD - SCD + CPR)
    Destination Clock Delay (DCD):    4.553ns = ( 24.553 - 20.000 ) 
    Source Clock Delay      (SCD):    4.712ns
    Clock Pessimism Removal (CPR):    0.165ns
  Clock Uncertainty:      0.035ns  ((TSJ^2 + TIJ^2)^1/2 + DJ) / 2 + PE
    Total System Jitter     (TSJ):    0.071ns
    Total Input Jitter      (TIJ):    0.000ns
    Discrete Jitter          (DJ):    0.000ns
    Phase Error              (PE):    0.000ns

    Location             Delay type                Incr(ns)  Path(ns)    Netlist Resource(s)
  -------------------------------------------------------------------    -------------------
                         (clock sys_clk rise edge)    0.000     0.000 r  <hidden>
    Y18                                               0.000     0.000 r  clk
                         net (fo=0)                   0.000     0.000    clk
    Y18                  IBUF (Prop_ibuf_I_O)         1.476     1.476 r  clk_IBUF_inst/O
                         net (fo=1, routed)           1.709     3.185    clk_IBUF
    BUFGCTRL_X0Y0        BUFG (Prop_bufg_I_O)         0.081     3.266 r  clk_IBUF_BUFG_inst/O
                         net (fo=254, routed)         1.446     4.712    clk_IBUF_BUFG
    SLICE_X78Y64         FDRE                                         r  power_on_reset_count_reg[7]/C
  -------------------------------------------------------------------    -------------------
    SLICE_X78Y64         FDRE (Prop_fdre_C_Q)         0.433     5.145 r  power_on_reset_count_reg[7]/Q
                         net (fo=2, routed)           0.884     6.029    core/power_on_reset_count_reg[7]
    SLICE_X79Y64         LUT4 (Prop_lut4_I1_O)        0.105     6.134 f  core/power_on_reset_count[0]_i_6/O
                         net (fo=1, routed)           0.510     6.644    core/power_on_reset_count[0]_i_6_n_0
    SLICE_X79Y65         LUT6 (Prop_lut6_I4_O)        0.105     6.749 f  core/power_on_reset_count[0]_i_4/O
                         net (fo=1, routed)           0.343     7.092    core/power_on_reset_count[0]_i_4_n_0
    SLICE_X79Y65         LUT6 (Prop_lut6_I5_O)        0.105     7.197 f  core/power_on_reset_count[0]_i_1/O
                         net (fo=21, routed)          0.480     7.676    key4_cond/sync_reg_reg[1]_0
    SLICE_X79Y62         LUT6 (Prop_lut6_I0_O)        0.105     7.781 f  key4_cond/sync_reg[1]_i_1/O
                         net (fo=181, routed)         2.973    10.755    key2_cond/reset
    SLICE_X72Y49         FDCE                                         f  key2_cond/count_reg[3]/CLR
  -------------------------------------------------------------------    -------------------

                         (clock sys_clk rise edge)   20.000    20.000 r  <hidden>
    Y18                                               0.000    20.000 r  clk
                         net (fo=0)                   0.000    20.000    clk
    Y18                  IBUF (Prop_ibuf_I_O)         1.409    21.409 r  clk_IBUF_inst/O
                         net (fo=1, routed)           1.620    23.030    clk_IBUF
    BUFGCTRL_X0Y0        BUFG (Prop_bufg_I_O)         0.077    23.107 r  clk_IBUF_BUFG_inst/O
                         net (fo=254, routed)         1.446    24.553    key2_cond/CLK
    SLICE_X72Y49         FDCE                                         r  key2_cond/count_reg[3]/C
                         clock pessimism              0.165    24.718    <hidden>
                         clock uncertainty           -0.035    24.682    <hidden>
    SLICE_X72Y49         FDCE (Recov_fdce_C_CLR)     -0.331    24.351    key2_cond/count_reg[3]
  -------------------------------------------------------------------
                         required time                         24.351    <hidden>
                         arrival time                         -10.755    <hidden>
  -------------------------------------------------------------------
                         slack                                 13.597    <hidden>

Slack (MET) :             13.597ns  (required time - arrival time)
  Source:                 power_on_reset_count_reg[7]/C
                            (rising edge-triggered cell FDRE clocked by sys_clk  {rise@0.000ns fall@10.000ns period=20.000ns})
  Destination:            key2_cond/count_reg[4]/CLR
                            (recovery check against rising-edge clock sys_clk  {rise@0.000ns fall@10.000ns period=20.000ns})
  Path Group:             **async_default**
  Path Type:              Recovery (Max at Slow Process Corner)
  Requirement:            20.000ns  (sys_clk rise@20.000ns - sys_clk rise@0.000ns)
  Data Path Delay:        6.043ns  (logic 0.853ns (14.115%)  route 5.190ns (85.885%))
  Logic Levels:           4  (LUT4=1 LUT6=3)
  Clock Path Skew:        0.006ns (DCD - SCD + CPR)
    Destination Clock Delay (DCD):    4.553ns = ( 24.553 - 20.000 ) 
    Source Clock Delay      (SCD):    4.712ns
    Clock Pessimism Removal (CPR):    0.165ns
  Clock Uncertainty:      0.035ns  ((TSJ^2 + TIJ^2)^1/2 + DJ) / 2 + PE
    Total System Jitter     (TSJ):    0.071ns
    Total Input Jitter      (TIJ):    0.000ns
    Discrete Jitter          (DJ):    0.000ns
    Phase Error              (PE):    0.000ns

    Location             Delay type                Incr(ns)  Path(ns)    Netlist Resource(s)
  -------------------------------------------------------------------    -------------------
                         (clock sys_clk rise edge)    0.000     0.000 r  <hidden>
    Y18                                               0.000     0.000 r  clk
                         net (fo=0)                   0.000     0.000    clk
    Y18                  IBUF (Prop_ibuf_I_O)         1.476     1.476 r  clk_IBUF_inst/O
                         net (fo=1, routed)           1.709     3.185    clk_IBUF
    BUFGCTRL_X0Y0        BUFG (Prop_bufg_I_O)         0.081     3.266 r  clk_IBUF_BUFG_inst/O
                         net (fo=254, routed)         1.446     4.712    clk_IBUF_BUFG
    SLICE_X78Y64         FDRE                                         r  power_on_reset_count_reg[7]/C
  -------------------------------------------------------------------    -------------------
    SLICE_X78Y64         FDRE (Prop_fdre_C_Q)         0.433     5.145 r  power_on_reset_count_reg[7]/Q
                         net (fo=2, routed)           0.884     6.029    core/power_on_reset_count_reg[7]
    SLICE_X79Y64         LUT4 (Prop_lut4_I1_O)        0.105     6.134 f  core/power_on_reset_count[0]_i_6/O
                         net (fo=1, routed)           0.510     6.644    core/power_on_reset_count[0]_i_6_n_0
    SLICE_X79Y65         LUT6 (Prop_lut6_I4_O)        0.105     6.749 f  core/power_on_reset_count[0]_i_4/O
                         net (fo=1, routed)           0.343     7.092    core/power_on_reset_count[0]_i_4_n_0
    SLICE_X79Y65         LUT6 (Prop_lut6_I5_O)        0.105     7.197 f  core/power_on_reset_count[0]_i_1/O
                         net (fo=21, routed)          0.480     7.676    key4_cond/sync_reg_reg[1]_0
    SLICE_X79Y62         LUT6 (Prop_lut6_I0_O)        0.105     7.781 f  key4_cond/sync_reg[1]_i_1/O
                         net (fo=181, routed)         2.973    10.755    key2_cond/reset
    SLICE_X72Y49         FDCE                                         f  key2_cond/count_reg[4]/CLR
  -------------------------------------------------------------------    -------------------

                         (clock sys_clk rise edge)   20.000    20.000 r  <hidden>
    Y18                                               0.000    20.000 r  clk
                         net (fo=0)                   0.000    20.000    clk
    Y18                  IBUF (Prop_ibuf_I_O)         1.409    21.409 r  clk_IBUF_inst/O
                         net (fo=1, routed)           1.620    23.030    clk_IBUF
    BUFGCTRL_X0Y0        BUFG (Prop_bufg_I_O)         0.077    23.107 r  clk_IBUF_BUFG_inst/O
                         net (fo=254, routed)         1.446    24.553    key2_cond/CLK
    SLICE_X72Y49         FDCE                                         r  key2_cond/count_reg[4]/C
                         clock pessimism              0.165    24.718    <hidden>
                         clock uncertainty           -0.035    24.682    <hidden>
    SLICE_X72Y49         FDCE (Recov_fdce_C_CLR)     -0.331    24.351    key2_cond/count_reg[4]
  -------------------------------------------------------------------
                         required time                         24.351    <hidden>
                         arrival time                         -10.755    <hidden>
  -------------------------------------------------------------------
                         slack                                 13.597    <hidden>

Slack (MET) :             13.597ns  (required time - arrival time)
  Source:                 power_on_reset_count_reg[7]/C
                            (rising edge-triggered cell FDRE clocked by sys_clk  {rise@0.000ns fall@10.000ns period=20.000ns})
  Destination:            key2_cond/count_reg[5]/CLR
                            (recovery check against rising-edge clock sys_clk  {rise@0.000ns fall@10.000ns period=20.000ns})
  Path Group:             **async_default**
  Path Type:              Recovery (Max at Slow Process Corner)
  Requirement:            20.000ns  (sys_clk rise@20.000ns - sys_clk rise@0.000ns)
  Data Path Delay:        6.043ns  (logic 0.853ns (14.115%)  route 5.190ns (85.885%))
  Logic Levels:           4  (LUT4=1 LUT6=3)
  Clock Path Skew:        0.006ns (DCD - SCD + CPR)
    Destination Clock Delay (DCD):    4.553ns = ( 24.553 - 20.000 ) 
    Source Clock Delay      (SCD):    4.712ns
    Clock Pessimism Removal (CPR):    0.165ns
  Clock Uncertainty:      0.035ns  ((TSJ^2 + TIJ^2)^1/2 + DJ) / 2 + PE
    Total System Jitter     (TSJ):    0.071ns
    Total Input Jitter      (TIJ):    0.000ns
    Discrete Jitter          (DJ):    0.000ns
    Phase Error              (PE):    0.000ns

    Location             Delay type                Incr(ns)  Path(ns)    Netlist Resource(s)
  -------------------------------------------------------------------    -------------------
                         (clock sys_clk rise edge)    0.000     0.000 r  <hidden>
    Y18                                               0.000     0.000 r  clk
                         net (fo=0)                   0.000     0.000    clk
    Y18                  IBUF (Prop_ibuf_I_O)         1.476     1.476 r  clk_IBUF_inst/O
                         net (fo=1, routed)           1.709     3.185    clk_IBUF
    BUFGCTRL_X0Y0        BUFG (Prop_bufg_I_O)         0.081     3.266 r  clk_IBUF_BUFG_inst/O
                         net (fo=254, routed)         1.446     4.712    clk_IBUF_BUFG
    SLICE_X78Y64         FDRE                                         r  power_on_reset_count_reg[7]/C
  -------------------------------------------------------------------    -------------------
    SLICE_X78Y64         FDRE (Prop_fdre_C_Q)         0.433     5.145 r  power_on_reset_count_reg[7]/Q
                         net (fo=2, routed)           0.884     6.029    core/power_on_reset_count_reg[7]
    SLICE_X79Y64         LUT4 (Prop_lut4_I1_O)        0.105     6.134 f  core/power_on_reset_count[0]_i_6/O
                         net (fo=1, routed)           0.510     6.644    core/power_on_reset_count[0]_i_6_n_0
    SLICE_X79Y65         LUT6 (Prop_lut6_I4_O)        0.105     6.749 f  core/power_on_reset_count[0]_i_4/O
                         net (fo=1, routed)           0.343     7.092    core/power_on_reset_count[0]_i_4_n_0
    SLICE_X79Y65         LUT6 (Prop_lut6_I5_O)        0.105     7.197 f  core/power_on_reset_count[0]_i_1/O
                         net (fo=21, routed)          0.480     7.676    key4_cond/sync_reg_reg[1]_0
    SLICE_X79Y62         LUT6 (Prop_lut6_I0_O)        0.105     7.781 f  key4_cond/sync_reg[1]_i_1/O
                         net (fo=181, routed)         2.973    10.755    key2_cond/reset
    SLICE_X72Y49         FDCE                                         f  key2_cond/count_reg[5]/CLR
  -------------------------------------------------------------------    -------------------

                         (clock sys_clk rise edge)   20.000    20.000 r  <hidden>
    Y18                                               0.000    20.000 r  clk
                         net (fo=0)                   0.000    20.000    clk
    Y18                  IBUF (Prop_ibuf_I_O)         1.409    21.409 r  clk_IBUF_inst/O
                         net (fo=1, routed)           1.620    23.030    clk_IBUF
    BUFGCTRL_X0Y0        BUFG (Prop_bufg_I_O)         0.077    23.107 r  clk_IBUF_BUFG_inst/O
                         net (fo=254, routed)         1.446    24.553    key2_cond/CLK
    SLICE_X72Y49         FDCE                                         r  key2_cond/count_reg[5]/C
                         clock pessimism              0.165    24.718    <hidden>
                         clock uncertainty           -0.035    24.682    <hidden>
    SLICE_X72Y49         FDCE (Recov_fdce_C_CLR)     -0.331    24.351    key2_cond/count_reg[5]
  -------------------------------------------------------------------
                         required time                         24.351    <hidden>
                         arrival time                         -10.755    <hidden>
  -------------------------------------------------------------------
                         slack                                 13.597    <hidden>





Min Delay Paths
--------------------------------------------------------------------------------------
Slack (MET) :             0.871ns  (arrival time - required time)
  Source:                 power_on_reset_count_reg[16]/C
                            (rising edge-triggered cell FDRE clocked by sys_clk  {rise@0.000ns fall@10.000ns period=20.000ns})
  Destination:            core/vend_counter_reg[30]/CLR
                            (removal check against rising-edge clock sys_clk  {rise@0.000ns fall@10.000ns period=20.000ns})
  Path Group:             **async_default**
  Path Type:              Removal (Min at Fast Process Corner)
  Requirement:            0.000ns  (sys_clk rise@0.000ns - sys_clk rise@0.000ns)
  Data Path Delay:        0.824ns  (logic 0.254ns (30.807%)  route 0.570ns (69.193%))
  Logic Levels:           2  (LUT6=2)
  Clock Path Skew:        0.020ns (DCD - SCD - CPR)
    Destination Clock Delay (DCD):    2.092ns
    Source Clock Delay      (SCD):    1.570ns
    Clock Pessimism Removal (CPR):    0.502ns

    Location             Delay type                Incr(ns)  Path(ns)    Netlist Resource(s)
  -------------------------------------------------------------------    -------------------
                         (clock sys_clk rise edge)    0.000     0.000 r  <hidden>
    Y18                                               0.000     0.000 r  clk
                         net (fo=0)                   0.000     0.000    clk
    Y18                  IBUF (Prop_ibuf_I_O)         0.312     0.312 r  clk_IBUF_inst/O
                         net (fo=1, routed)           0.640     0.952    clk_IBUF
    BUFGCTRL_X0Y0        BUFG (Prop_bufg_I_O)         0.026     0.978 r  clk_IBUF_BUFG_inst/O
                         net (fo=254, routed)         0.592     1.570    clk_IBUF_BUFG
    SLICE_X78Y67         FDRE                                         r  power_on_reset_count_reg[16]/C
  -------------------------------------------------------------------    -------------------
    SLICE_X78Y67         FDRE (Prop_fdre_C_Q)         0.164     1.734 r  power_on_reset_count_reg[16]/Q
                         net (fo=2, routed)           0.152     1.886    core/power_on_reset_count_reg[16]
    SLICE_X79Y65         LUT6 (Prop_lut6_I3_O)        0.045     1.931 f  core/power_on_reset_count[0]_i_1/O
                         net (fo=21, routed)          0.241     2.172    key4_cond/sync_reg_reg[1]_0
    SLICE_X79Y62         LUT6 (Prop_lut6_I0_O)        0.045     2.217 f  key4_cond/sync_reg[1]_i_1/O
                         net (fo=181, routed)         0.177     2.394    core/reset
    SLICE_X78Y60         FDCE                                         f  core/vend_counter_reg[30]/CLR
  -------------------------------------------------------------------    -------------------

                         (clock sys_clk rise edge)    0.000     0.000 r  <hidden>
    Y18                                               0.000     0.000 r  clk
                         net (fo=0)                   0.000     0.000    clk
    Y18                  IBUF (Prop_ibuf_I_O)         0.501     0.501 r  clk_IBUF_inst/O
                         net (fo=1, routed)           0.695     1.195    clk_IBUF
    BUFGCTRL_X0Y0        BUFG (Prop_bufg_I_O)         0.029     1.224 r  clk_IBUF_BUFG_inst/O
                         net (fo=254, routed)         0.868     2.092    core/CLK
    SLICE_X78Y60         FDCE                                         r  core/vend_counter_reg[30]/C
                         clock pessimism             -0.502     1.590    <hidden>
    SLICE_X78Y60         FDCE (Remov_fdce_C_CLR)     -0.067     1.523    core/vend_counter_reg[30]
  -------------------------------------------------------------------
                         required time                         -1.523    <hidden>
                         arrival time                           2.394    <hidden>
  -------------------------------------------------------------------
                         slack                                  0.871    <hidden>

Slack (MET) :             0.871ns  (arrival time - required time)
  Source:                 power_on_reset_count_reg[16]/C
                            (rising edge-triggered cell FDRE clocked by sys_clk  {rise@0.000ns fall@10.000ns period=20.000ns})
  Destination:            core/vend_counter_reg[31]/CLR
                            (removal check against rising-edge clock sys_clk  {rise@0.000ns fall@10.000ns period=20.000ns})
  Path Group:             **async_default**
  Path Type:              Removal (Min at Fast Process Corner)
  Requirement:            0.000ns  (sys_clk rise@0.000ns - sys_clk rise@0.000ns)
  Data Path Delay:        0.824ns  (logic 0.254ns (30.807%)  route 0.570ns (69.193%))
  Logic Levels:           2  (LUT6=2)
  Clock Path Skew:        0.020ns (DCD - SCD - CPR)
    Destination Clock Delay (DCD):    2.092ns
    Source Clock Delay      (SCD):    1.570ns
    Clock Pessimism Removal (CPR):    0.502ns

    Location             Delay type                Incr(ns)  Path(ns)    Netlist Resource(s)
  -------------------------------------------------------------------    -------------------
                         (clock sys_clk rise edge)    0.000     0.000 r  <hidden>
    Y18                                               0.000     0.000 r  clk
                         net (fo=0)                   0.000     0.000    clk
    Y18                  IBUF (Prop_ibuf_I_O)         0.312     0.312 r  clk_IBUF_inst/O
                         net (fo=1, routed)           0.640     0.952    clk_IBUF
    BUFGCTRL_X0Y0        BUFG (Prop_bufg_I_O)         0.026     0.978 r  clk_IBUF_BUFG_inst/O
                         net (fo=254, routed)         0.592     1.570    clk_IBUF_BUFG
    SLICE_X78Y67         FDRE                                         r  power_on_reset_count_reg[16]/C
  -------------------------------------------------------------------    -------------------
    SLICE_X78Y67         FDRE (Prop_fdre_C_Q)         0.164     1.734 r  power_on_reset_count_reg[16]/Q
                         net (fo=2, routed)           0.152     1.886    core/power_on_reset_count_reg[16]
    SLICE_X79Y65         LUT6 (Prop_lut6_I3_O)        0.045     1.931 f  core/power_on_reset_count[0]_i_1/O
                         net (fo=21, routed)          0.241     2.172    key4_cond/sync_reg_reg[1]_0
    SLICE_X79Y62         LUT6 (Prop_lut6_I0_O)        0.045     2.217 f  key4_cond/sync_reg[1]_i_1/O
                         net (fo=181, routed)         0.177     2.394    core/reset
    SLICE_X78Y60         FDCE                                         f  core/vend_counter_reg[31]/CLR
  -------------------------------------------------------------------    -------------------

                         (clock sys_clk rise edge)    0.000     0.000 r  <hidden>
    Y18                                               0.000     0.000 r  clk
                         net (fo=0)                   0.000     0.000    clk
    Y18                  IBUF (Prop_ibuf_I_O)         0.501     0.501 r  clk_IBUF_inst/O
                         net (fo=1, routed)           0.695     1.195    clk_IBUF
    BUFGCTRL_X0Y0        BUFG (Prop_bufg_I_O)         0.029     1.224 r  clk_IBUF_BUFG_inst/O
                         net (fo=254, routed)         0.868     2.092    core/CLK
    SLICE_X78Y60         FDCE                                         r  core/vend_counter_reg[31]/C
                         clock pessimism             -0.502     1.590    <hidden>
    SLICE_X78Y60         FDCE (Remov_fdce_C_CLR)     -0.067     1.523    core/vend_counter_reg[31]
  -------------------------------------------------------------------
                         required time                         -1.523    <hidden>
                         arrival time                           2.394    <hidden>
  -------------------------------------------------------------------
                         slack                                  0.871    <hidden>

Slack (MET) :             0.941ns  (arrival time - required time)
  Source:                 power_on_reset_count_reg[16]/C
                            (rising edge-triggered cell FDRE clocked by sys_clk  {rise@0.000ns fall@10.000ns period=20.000ns})
  Destination:            core/vend_counter_reg[26]/CLR
                            (removal check against rising-edge clock sys_clk  {rise@0.000ns fall@10.000ns period=20.000ns})
  Path Group:             **async_default**
  Path Type:              Removal (Min at Fast Process Corner)
  Requirement:            0.000ns  (sys_clk rise@0.000ns - sys_clk rise@0.000ns)
  Data Path Delay:        0.895ns  (logic 0.254ns (28.379%)  route 0.641ns (71.621%))
  Logic Levels:           2  (LUT6=2)
  Clock Path Skew:        0.021ns (DCD - SCD - CPR)
    Destination Clock Delay (DCD):    2.093ns
    Source Clock Delay      (SCD):    1.570ns
    Clock Pessimism Removal (CPR):    0.502ns

    Location             Delay type                Incr(ns)  Path(ns)    Netlist Resource(s)
  -------------------------------------------------------------------    -------------------
                         (clock sys_clk rise edge)    0.000     0.000 r  <hidden>
    Y18                                               0.000     0.000 r  clk
                         net (fo=0)                   0.000     0.000    clk
    Y18                  IBUF (Prop_ibuf_I_O)         0.312     0.312 r  clk_IBUF_inst/O
                         net (fo=1, routed)           0.640     0.952    clk_IBUF
    BUFGCTRL_X0Y0        BUFG (Prop_bufg_I_O)         0.026     0.978 r  clk_IBUF_BUFG_inst/O
                         net (fo=254, routed)         0.592     1.570    clk_IBUF_BUFG
    SLICE_X78Y67         FDRE                                         r  power_on_reset_count_reg[16]/C
  -------------------------------------------------------------------    -------------------
    SLICE_X78Y67         FDRE (Prop_fdre_C_Q)         0.164     1.734 r  power_on_reset_count_reg[16]/Q
                         net (fo=2, routed)           0.152     1.886    core/power_on_reset_count_reg[16]
    SLICE_X79Y65         LUT6 (Prop_lut6_I3_O)        0.045     1.931 f  core/power_on_reset_count[0]_i_1/O
                         net (fo=21, routed)          0.241     2.172    key4_cond/sync_reg_reg[1]_0
    SLICE_X79Y62         LUT6 (Prop_lut6_I0_O)        0.045     2.217 f  key4_cond/sync_reg[1]_i_1/O
                         net (fo=181, routed)         0.248     2.465    core/reset
    SLICE_X78Y59         FDCE                                         f  core/vend_counter_reg[26]/CLR
  -------------------------------------------------------------------    -------------------

                         (clock sys_clk rise edge)    0.000     0.000 r  <hidden>
    Y18                                               0.000     0.000 r  clk
                         net (fo=0)                   0.000     0.000    clk
    Y18                  IBUF (Prop_ibuf_I_O)         0.501     0.501 r  clk_IBUF_inst/O
                         net (fo=1, routed)           0.695     1.195    clk_IBUF
    BUFGCTRL_X0Y0        BUFG (Prop_bufg_I_O)         0.029     1.224 r  clk_IBUF_BUFG_inst/O
                         net (fo=254, routed)         0.869     2.093    core/CLK
    SLICE_X78Y59         FDCE                                         r  core/vend_counter_reg[26]/C
                         clock pessimism             -0.502     1.591    <hidden>
    SLICE_X78Y59         FDCE (Remov_fdce_C_CLR)     -0.067     1.524    core/vend_counter_reg[26]
  -------------------------------------------------------------------
                         required time                         -1.524    <hidden>
                         arrival time                           2.465    <hidden>
  -------------------------------------------------------------------
                         slack                                  0.941    <hidden>

Slack (MET) :             0.941ns  (arrival time - required time)
  Source:                 power_on_reset_count_reg[16]/C
                            (rising edge-triggered cell FDRE clocked by sys_clk  {rise@0.000ns fall@10.000ns period=20.000ns})
  Destination:            core/vend_counter_reg[27]/CLR
                            (removal check against rising-edge clock sys_clk  {rise@0.000ns fall@10.000ns period=20.000ns})
  Path Group:             **async_default**
  Path Type:              Removal (Min at Fast Process Corner)
  Requirement:            0.000ns  (sys_clk rise@0.000ns - sys_clk rise@0.000ns)
  Data Path Delay:        0.895ns  (logic 0.254ns (28.379%)  route 0.641ns (71.621%))
  Logic Levels:           2  (LUT6=2)
  Clock Path Skew:        0.021ns (DCD - SCD - CPR)
    Destination Clock Delay (DCD):    2.093ns
    Source Clock Delay      (SCD):    1.570ns
    Clock Pessimism Removal (CPR):    0.502ns

    Location             Delay type                Incr(ns)  Path(ns)    Netlist Resource(s)
  -------------------------------------------------------------------    -------------------
                         (clock sys_clk rise edge)    0.000     0.000 r  <hidden>
    Y18                                               0.000     0.000 r  clk
                         net (fo=0)                   0.000     0.000    clk
    Y18                  IBUF (Prop_ibuf_I_O)         0.312     0.312 r  clk_IBUF_inst/O
                         net (fo=1, routed)           0.640     0.952    clk_IBUF
    BUFGCTRL_X0Y0        BUFG (Prop_bufg_I_O)         0.026     0.978 r  clk_IBUF_BUFG_inst/O
                         net (fo=254, routed)         0.592     1.570    clk_IBUF_BUFG
    SLICE_X78Y67         FDRE                                         r  power_on_reset_count_reg[16]/C
  -------------------------------------------------------------------    -------------------
    SLICE_X78Y67         FDRE (Prop_fdre_C_Q)         0.164     1.734 r  power_on_reset_count_reg[16]/Q
                         net (fo=2, routed)           0.152     1.886    core/power_on_reset_count_reg[16]
    SLICE_X79Y65         LUT6 (Prop_lut6_I3_O)        0.045     1.931 f  core/power_on_reset_count[0]_i_1/O
                         net (fo=21, routed)          0.241     2.172    key4_cond/sync_reg_reg[1]_0
    SLICE_X79Y62         LUT6 (Prop_lut6_I0_O)        0.045     2.217 f  key4_cond/sync_reg[1]_i_1/O
                         net (fo=181, routed)         0.248     2.465    core/reset
    SLICE_X78Y59         FDCE                                         f  core/vend_counter_reg[27]/CLR
  -------------------------------------------------------------------    -------------------

                         (clock sys_clk rise edge)    0.000     0.000 r  <hidden>
    Y18                                               0.000     0.000 r  clk
                         net (fo=0)                   0.000     0.000    clk
    Y18                  IBUF (Prop_ibuf_I_O)         0.501     0.501 r  clk_IBUF_inst/O
                         net (fo=1, routed)           0.695     1.195    clk_IBUF
    BUFGCTRL_X0Y0        BUFG (Prop_bufg_I_O)         0.029     1.224 r  clk_IBUF_BUFG_inst/O
                         net (fo=254, routed)         0.869     2.093    core/CLK
    SLICE_X78Y59         FDCE                                         r  core/vend_counter_reg[27]/C
                         clock pessimism             -0.502     1.591    <hidden>
    SLICE_X78Y59         FDCE (Remov_fdce_C_CLR)     -0.067     1.524    core/vend_counter_reg[27]
  -------------------------------------------------------------------
                         required time                         -1.524    <hidden>
                         arrival time                           2.465    <hidden>
  -------------------------------------------------------------------
                         slack                                  0.941    <hidden>

Slack (MET) :             0.941ns  (arrival time - required time)
  Source:                 power_on_reset_count_reg[16]/C
                            (rising edge-triggered cell FDRE clocked by sys_clk  {rise@0.000ns fall@10.000ns period=20.000ns})
  Destination:            core/vend_counter_reg[28]/CLR
                            (removal check against rising-edge clock sys_clk  {rise@0.000ns fall@10.000ns period=20.000ns})
  Path Group:             **async_default**
  Path Type:              Removal (Min at Fast Process Corner)
  Requirement:            0.000ns  (sys_clk rise@0.000ns - sys_clk rise@0.000ns)
  Data Path Delay:        0.895ns  (logic 0.254ns (28.379%)  route 0.641ns (71.621%))
  Logic Levels:           2  (LUT6=2)
  Clock Path Skew:        0.021ns (DCD - SCD - CPR)
    Destination Clock Delay (DCD):    2.093ns
    Source Clock Delay      (SCD):    1.570ns
    Clock Pessimism Removal (CPR):    0.502ns

    Location             Delay type                Incr(ns)  Path(ns)    Netlist Resource(s)
  -------------------------------------------------------------------    -------------------
                         (clock sys_clk rise edge)    0.000     0.000 r  <hidden>
    Y18                                               0.000     0.000 r  clk
                         net (fo=0)                   0.000     0.000    clk
    Y18                  IBUF (Prop_ibuf_I_O)         0.312     0.312 r  clk_IBUF_inst/O
                         net (fo=1, routed)           0.640     0.952    clk_IBUF
    BUFGCTRL_X0Y0        BUFG (Prop_bufg_I_O)         0.026     0.978 r  clk_IBUF_BUFG_inst/O
                         net (fo=254, routed)         0.592     1.570    clk_IBUF_BUFG
    SLICE_X78Y67         FDRE                                         r  power_on_reset_count_reg[16]/C
  -------------------------------------------------------------------    -------------------
    SLICE_X78Y67         FDRE (Prop_fdre_C_Q)         0.164     1.734 r  power_on_reset_count_reg[16]/Q
                         net (fo=2, routed)           0.152     1.886    core/power_on_reset_count_reg[16]
    SLICE_X79Y65         LUT6 (Prop_lut6_I3_O)        0.045     1.931 f  core/power_on_reset_count[0]_i_1/O
                         net (fo=21, routed)          0.241     2.172    key4_cond/sync_reg_reg[1]_0
    SLICE_X79Y62         LUT6 (Prop_lut6_I0_O)        0.045     2.217 f  key4_cond/sync_reg[1]_i_1/O
                         net (fo=181, routed)         0.248     2.465    core/reset
    SLICE_X78Y59         FDCE                                         f  core/vend_counter_reg[28]/CLR
  -------------------------------------------------------------------    -------------------

                         (clock sys_clk rise edge)    0.000     0.000 r  <hidden>
    Y18                                               0.000     0.000 r  clk
                         net (fo=0)                   0.000     0.000    clk
    Y18                  IBUF (Prop_ibuf_I_O)         0.501     0.501 r  clk_IBUF_inst/O
                         net (fo=1, routed)           0.695     1.195    clk_IBUF
    BUFGCTRL_X0Y0        BUFG (Prop_bufg_I_O)         0.029     1.224 r  clk_IBUF_BUFG_inst/O
                         net (fo=254, routed)         0.869     2.093    core/CLK
    SLICE_X78Y59         FDCE                                         r  core/vend_counter_reg[28]/C
                         clock pessimism             -0.502     1.591    <hidden>
    SLICE_X78Y59         FDCE (Remov_fdce_C_CLR)     -0.067     1.524    core/vend_counter_reg[28]
  -------------------------------------------------------------------
                         required time                         -1.524    <hidden>
                         arrival time                           2.465    <hidden>
  -------------------------------------------------------------------
                         slack                                  0.941    <hidden>

Slack (MET) :             0.941ns  (arrival time - required time)
  Source:                 power_on_reset_count_reg[16]/C
                            (rising edge-triggered cell FDRE clocked by sys_clk  {rise@0.000ns fall@10.000ns period=20.000ns})
  Destination:            core/vend_counter_reg[29]/CLR
                            (removal check against rising-edge clock sys_clk  {rise@0.000ns fall@10.000ns period=20.000ns})
  Path Group:             **async_default**
  Path Type:              Removal (Min at Fast Process Corner)
  Requirement:            0.000ns  (sys_clk rise@0.000ns - sys_clk rise@0.000ns)
  Data Path Delay:        0.895ns  (logic 0.254ns (28.379%)  route 0.641ns (71.621%))
  Logic Levels:           2  (LUT6=2)
  Clock Path Skew:        0.021ns (DCD - SCD - CPR)
    Destination Clock Delay (DCD):    2.093ns
    Source Clock Delay      (SCD):    1.570ns
    Clock Pessimism Removal (CPR):    0.502ns

    Location             Delay type                Incr(ns)  Path(ns)    Netlist Resource(s)
  -------------------------------------------------------------------    -------------------
                         (clock sys_clk rise edge)    0.000     0.000 r  <hidden>
    Y18                                               0.000     0.000 r  clk
                         net (fo=0)                   0.000     0.000    clk
    Y18                  IBUF (Prop_ibuf_I_O)         0.312     0.312 r  clk_IBUF_inst/O
                         net (fo=1, routed)           0.640     0.952    clk_IBUF
    BUFGCTRL_X0Y0        BUFG (Prop_bufg_I_O)         0.026     0.978 r  clk_IBUF_BUFG_inst/O
                         net (fo=254, routed)         0.592     1.570    clk_IBUF_BUFG
    SLICE_X78Y67         FDRE                                         r  power_on_reset_count_reg[16]/C
  -------------------------------------------------------------------    -------------------
    SLICE_X78Y67         FDRE (Prop_fdre_C_Q)         0.164     1.734 r  power_on_reset_count_reg[16]/Q
                         net (fo=2, routed)           0.152     1.886    core/power_on_reset_count_reg[16]
    SLICE_X79Y65         LUT6 (Prop_lut6_I3_O)        0.045     1.931 f  core/power_on_reset_count[0]_i_1/O
                         net (fo=21, routed)          0.241     2.172    key4_cond/sync_reg_reg[1]_0
    SLICE_X79Y62         LUT6 (Prop_lut6_I0_O)        0.045     2.217 f  key4_cond/sync_reg[1]_i_1/O
                         net (fo=181, routed)         0.248     2.465    core/reset
    SLICE_X78Y59         FDCE                                         f  core/vend_counter_reg[29]/CLR
  -------------------------------------------------------------------    -------------------

                         (clock sys_clk rise edge)    0.000     0.000 r  <hidden>
    Y18                                               0.000     0.000 r  clk
                         net (fo=0)                   0.000     0.000    clk
    Y18                  IBUF (Prop_ibuf_I_O)         0.501     0.501 r  clk_IBUF_inst/O
                         net (fo=1, routed)           0.695     1.195    clk_IBUF
    BUFGCTRL_X0Y0        BUFG (Prop_bufg_I_O)         0.029     1.224 r  clk_IBUF_BUFG_inst/O
                         net (fo=254, routed)         0.869     2.093    core/CLK
    SLICE_X78Y59         FDCE                                         r  core/vend_counter_reg[29]/C
                         clock pessimism             -0.502     1.591    <hidden>
    SLICE_X78Y59         FDCE (Remov_fdce_C_CLR)     -0.067     1.524    core/vend_counter_reg[29]
  -------------------------------------------------------------------
                         required time                         -1.524    <hidden>
                         arrival time                           2.465    <hidden>
  -------------------------------------------------------------------
                         slack                                  0.941    <hidden>

Slack (MET) :             1.012ns  (arrival time - required time)
  Source:                 power_on_reset_count_reg[16]/C
                            (rising edge-triggered cell FDRE clocked by sys_clk  {rise@0.000ns fall@10.000ns period=20.000ns})
  Destination:            core/vend_counter_reg[22]/CLR
                            (removal check against rising-edge clock sys_clk  {rise@0.000ns fall@10.000ns period=20.000ns})
  Path Group:             **async_default**
  Path Type:              Removal (Min at Fast Process Corner)
  Requirement:            0.000ns  (sys_clk rise@0.000ns - sys_clk rise@0.000ns)
  Data Path Delay:        0.966ns  (logic 0.254ns (26.303%)  route 0.712ns (73.697%))
  Logic Levels:           2  (LUT6=2)
  Clock Path Skew:        0.021ns (DCD - SCD - CPR)
    Destination Clock Delay (DCD):    2.093ns
    Source Clock Delay      (SCD):    1.570ns
    Clock Pessimism Removal (CPR):    0.502ns

    Location             Delay type                Incr(ns)  Path(ns)    Netlist Resource(s)
  -------------------------------------------------------------------    -------------------
                         (clock sys_clk rise edge)    0.000     0.000 r  <hidden>
    Y18                                               0.000     0.000 r  clk
                         net (fo=0)                   0.000     0.000    clk
    Y18                  IBUF (Prop_ibuf_I_O)         0.312     0.312 r  clk_IBUF_inst/O
                         net (fo=1, routed)           0.640     0.952    clk_IBUF
    BUFGCTRL_X0Y0        BUFG (Prop_bufg_I_O)         0.026     0.978 r  clk_IBUF_BUFG_inst/O
                         net (fo=254, routed)         0.592     1.570    clk_IBUF_BUFG
    SLICE_X78Y67         FDRE                                         r  power_on_reset_count_reg[16]/C
  -------------------------------------------------------------------    -------------------
    SLICE_X78Y67         FDRE (Prop_fdre_C_Q)         0.164     1.734 r  power_on_reset_count_reg[16]/Q
                         net (fo=2, routed)           0.152     1.886    core/power_on_reset_count_reg[16]
    SLICE_X79Y65         LUT6 (Prop_lut6_I3_O)        0.045     1.931 f  core/power_on_reset_count[0]_i_1/O
                         net (fo=21, routed)          0.241     2.172    key4_cond/sync_reg_reg[1]_0
    SLICE_X79Y62         LUT6 (Prop_lut6_I0_O)        0.045     2.217 f  key4_cond/sync_reg[1]_i_1/O
                         net (fo=181, routed)         0.318     2.536    core/reset
    SLICE_X78Y58         FDCE                                         f  core/vend_counter_reg[22]/CLR
  -------------------------------------------------------------------    -------------------

                         (clock sys_clk rise edge)    0.000     0.000 r  <hidden>
    Y18                                               0.000     0.000 r  clk
                         net (fo=0)                   0.000     0.000    clk
    Y18                  IBUF (Prop_ibuf_I_O)         0.501     0.501 r  clk_IBUF_inst/O
                         net (fo=1, routed)           0.695     1.195    clk_IBUF
    BUFGCTRL_X0Y0        BUFG (Prop_bufg_I_O)         0.029     1.224 r  clk_IBUF_BUFG_inst/O
                         net (fo=254, routed)         0.869     2.093    core/CLK
    SLICE_X78Y58         FDCE                                         r  core/vend_counter_reg[22]/C
                         clock pessimism             -0.502     1.591    <hidden>
    SLICE_X78Y58         FDCE (Remov_fdce_C_CLR)     -0.067     1.524    core/vend_counter_reg[22]
  -------------------------------------------------------------------
                         required time                         -1.524    <hidden>
                         arrival time                           2.536    <hidden>
  -------------------------------------------------------------------
                         slack                                  1.012    <hidden>

Slack (MET) :             1.012ns  (arrival time - required time)
  Source:                 power_on_reset_count_reg[16]/C
                            (rising edge-triggered cell FDRE clocked by sys_clk  {rise@0.000ns fall@10.000ns period=20.000ns})
  Destination:            core/vend_counter_reg[23]/CLR
                            (removal check against rising-edge clock sys_clk  {rise@0.000ns fall@10.000ns period=20.000ns})
  Path Group:             **async_default**
  Path Type:              Removal (Min at Fast Process Corner)
  Requirement:            0.000ns  (sys_clk rise@0.000ns - sys_clk rise@0.000ns)
  Data Path Delay:        0.966ns  (logic 0.254ns (26.303%)  route 0.712ns (73.697%))
  Logic Levels:           2  (LUT6=2)
  Clock Path Skew:        0.021ns (DCD - SCD - CPR)
    Destination Clock Delay (DCD):    2.093ns
    Source Clock Delay      (SCD):    1.570ns
    Clock Pessimism Removal (CPR):    0.502ns

    Location             Delay type                Incr(ns)  Path(ns)    Netlist Resource(s)
  -------------------------------------------------------------------    -------------------
                         (clock sys_clk rise edge)    0.000     0.000 r  <hidden>
    Y18                                               0.000     0.000 r  clk
                         net (fo=0)                   0.000     0.000    clk
    Y18                  IBUF (Prop_ibuf_I_O)         0.312     0.312 r  clk_IBUF_inst/O
                         net (fo=1, routed)           0.640     0.952    clk_IBUF
    BUFGCTRL_X0Y0        BUFG (Prop_bufg_I_O)         0.026     0.978 r  clk_IBUF_BUFG_inst/O
                         net (fo=254, routed)         0.592     1.570    clk_IBUF_BUFG
    SLICE_X78Y67         FDRE                                         r  power_on_reset_count_reg[16]/C
  -------------------------------------------------------------------    -------------------
    SLICE_X78Y67         FDRE (Prop_fdre_C_Q)         0.164     1.734 r  power_on_reset_count_reg[16]/Q
                         net (fo=2, routed)           0.152     1.886    core/power_on_reset_count_reg[16]
    SLICE_X79Y65         LUT6 (Prop_lut6_I3_O)        0.045     1.931 f  core/power_on_reset_count[0]_i_1/O
                         net (fo=21, routed)          0.241     2.172    key4_cond/sync_reg_reg[1]_0
    SLICE_X79Y62         LUT6 (Prop_lut6_I0_O)        0.045     2.217 f  key4_cond/sync_reg[1]_i_1/O
                         net (fo=181, routed)         0.318     2.536    core/reset
    SLICE_X78Y58         FDCE                                         f  core/vend_counter_reg[23]/CLR
  -------------------------------------------------------------------    -------------------

                         (clock sys_clk rise edge)    0.000     0.000 r  <hidden>
    Y18                                               0.000     0.000 r  clk
                         net (fo=0)                   0.000     0.000    clk
    Y18                  IBUF (Prop_ibuf_I_O)         0.501     0.501 r  clk_IBUF_inst/O
                         net (fo=1, routed)           0.695     1.195    clk_IBUF
    BUFGCTRL_X0Y0        BUFG (Prop_bufg_I_O)         0.029     1.224 r  clk_IBUF_BUFG_inst/O
                         net (fo=254, routed)         0.869     2.093    core/CLK
    SLICE_X78Y58         FDCE                                         r  core/vend_counter_reg[23]/C
                         clock pessimism             -0.502     1.591    <hidden>
    SLICE_X78Y58         FDCE (Remov_fdce_C_CLR)     -0.067     1.524    core/vend_counter_reg[23]
  -------------------------------------------------------------------
                         required time                         -1.524    <hidden>
                         arrival time                           2.536    <hidden>
  -------------------------------------------------------------------
                         slack                                  1.012    <hidden>

Slack (MET) :             1.012ns  (arrival time - required time)
  Source:                 power_on_reset_count_reg[16]/C
                            (rising edge-triggered cell FDRE clocked by sys_clk  {rise@0.000ns fall@10.000ns period=20.000ns})
  Destination:            core/vend_counter_reg[24]/CLR
                            (removal check against rising-edge clock sys_clk  {rise@0.000ns fall@10.000ns period=20.000ns})
  Path Group:             **async_default**
  Path Type:              Removal (Min at Fast Process Corner)
  Requirement:            0.000ns  (sys_clk rise@0.000ns - sys_clk rise@0.000ns)
  Data Path Delay:        0.966ns  (logic 0.254ns (26.303%)  route 0.712ns (73.697%))
  Logic Levels:           2  (LUT6=2)
  Clock Path Skew:        0.021ns (DCD - SCD - CPR)
    Destination Clock Delay (DCD):    2.093ns
    Source Clock Delay      (SCD):    1.570ns
    Clock Pessimism Removal (CPR):    0.502ns

    Location             Delay type                Incr(ns)  Path(ns)    Netlist Resource(s)
  -------------------------------------------------------------------    -------------------
                         (clock sys_clk rise edge)    0.000     0.000 r  <hidden>
    Y18                                               0.000     0.000 r  clk
                         net (fo=0)                   0.000     0.000    clk
    Y18                  IBUF (Prop_ibuf_I_O)         0.312     0.312 r  clk_IBUF_inst/O
                         net (fo=1, routed)           0.640     0.952    clk_IBUF
    BUFGCTRL_X0Y0        BUFG (Prop_bufg_I_O)         0.026     0.978 r  clk_IBUF_BUFG_inst/O
                         net (fo=254, routed)         0.592     1.570    clk_IBUF_BUFG
    SLICE_X78Y67         FDRE                                         r  power_on_reset_count_reg[16]/C
  -------------------------------------------------------------------    -------------------
    SLICE_X78Y67         FDRE (Prop_fdre_C_Q)         0.164     1.734 r  power_on_reset_count_reg[16]/Q
                         net (fo=2, routed)           0.152     1.886    core/power_on_reset_count_reg[16]
    SLICE_X79Y65         LUT6 (Prop_lut6_I3_O)        0.045     1.931 f  core/power_on_reset_count[0]_i_1/O
                         net (fo=21, routed)          0.241     2.172    key4_cond/sync_reg_reg[1]_0
    SLICE_X79Y62         LUT6 (Prop_lut6_I0_O)        0.045     2.217 f  key4_cond/sync_reg[1]_i_1/O
                         net (fo=181, routed)         0.318     2.536    core/reset
    SLICE_X78Y58         FDCE                                         f  core/vend_counter_reg[24]/CLR
  -------------------------------------------------------------------    -------------------

                         (clock sys_clk rise edge)    0.000     0.000 r  <hidden>
    Y18                                               0.000     0.000 r  clk
                         net (fo=0)                   0.000     0.000    clk
    Y18                  IBUF (Prop_ibuf_I_O)         0.501     0.501 r  clk_IBUF_inst/O
                         net (fo=1, routed)           0.695     1.195    clk_IBUF
    BUFGCTRL_X0Y0        BUFG (Prop_bufg_I_O)         0.029     1.224 r  clk_IBUF_BUFG_inst/O
                         net (fo=254, routed)         0.869     2.093    core/CLK
    SLICE_X78Y58         FDCE                                         r  core/vend_counter_reg[24]/C
                         clock pessimism             -0.502     1.591    <hidden>
    SLICE_X78Y58         FDCE (Remov_fdce_C_CLR)     -0.067     1.524    core/vend_counter_reg[24]
  -------------------------------------------------------------------
                         required time                         -1.524    <hidden>
                         arrival time                           2.536    <hidden>
  -------------------------------------------------------------------
                         slack                                  1.012    <hidden>

Slack (MET) :             1.012ns  (arrival time - required time)
  Source:                 power_on_reset_count_reg[16]/C
                            (rising edge-triggered cell FDRE clocked by sys_clk  {rise@0.000ns fall@10.000ns period=20.000ns})
  Destination:            core/vend_counter_reg[25]/CLR
                            (removal check against rising-edge clock sys_clk  {rise@0.000ns fall@10.000ns period=20.000ns})
  Path Group:             **async_default**
  Path Type:              Removal (Min at Fast Process Corner)
  Requirement:            0.000ns  (sys_clk rise@0.000ns - sys_clk rise@0.000ns)
  Data Path Delay:        0.966ns  (logic 0.254ns (26.303%)  route 0.712ns (73.697%))
  Logic Levels:           2  (LUT6=2)
  Clock Path Skew:        0.021ns (DCD - SCD - CPR)
    Destination Clock Delay (DCD):    2.093ns
    Source Clock Delay      (SCD):    1.570ns
    Clock Pessimism Removal (CPR):    0.502ns

    Location             Delay type                Incr(ns)  Path(ns)    Netlist Resource(s)
  -------------------------------------------------------------------    -------------------
                         (clock sys_clk rise edge)    0.000     0.000 r  <hidden>
    Y18                                               0.000     0.000 r  clk
                         net (fo=0)                   0.000     0.000    clk
    Y18                  IBUF (Prop_ibuf_I_O)         0.312     0.312 r  clk_IBUF_inst/O
                         net (fo=1, routed)           0.640     0.952    clk_IBUF
    BUFGCTRL_X0Y0        BUFG (Prop_bufg_I_O)         0.026     0.978 r  clk_IBUF_BUFG_inst/O
                         net (fo=254, routed)         0.592     1.570    clk_IBUF_BUFG
    SLICE_X78Y67         FDRE                                         r  power_on_reset_count_reg[16]/C
  -------------------------------------------------------------------    -------------------
    SLICE_X78Y67         FDRE (Prop_fdre_C_Q)         0.164     1.734 r  power_on_reset_count_reg[16]/Q
                         net (fo=2, routed)           0.152     1.886    core/power_on_reset_count_reg[16]
    SLICE_X79Y65         LUT6 (Prop_lut6_I3_O)        0.045     1.931 f  core/power_on_reset_count[0]_i_1/O
                         net (fo=21, routed)          0.241     2.172    key4_cond/sync_reg_reg[1]_0
    SLICE_X79Y62         LUT6 (Prop_lut6_I0_O)        0.045     2.217 f  key4_cond/sync_reg[1]_i_1/O
                         net (fo=181, routed)         0.318     2.536    core/reset
    SLICE_X78Y58         FDCE                                         f  core/vend_counter_reg[25]/CLR
  -------------------------------------------------------------------    -------------------

                         (clock sys_clk rise edge)    0.000     0.000 r  <hidden>
    Y18                                               0.000     0.000 r  clk
                         net (fo=0)                   0.000     0.000    clk
    Y18                  IBUF (Prop_ibuf_I_O)         0.501     0.501 r  clk_IBUF_inst/O
                         net (fo=1, routed)           0.695     1.195    clk_IBUF
    BUFGCTRL_X0Y0        BUFG (Prop_bufg_I_O)         0.029     1.224 r  clk_IBUF_BUFG_inst/O
                         net (fo=254, routed)         0.869     2.093    core/CLK
    SLICE_X78Y58         FDCE                                         r  core/vend_counter_reg[25]/C
                         clock pessimism             -0.502     1.591    <hidden>
    SLICE_X78Y58         FDCE (Remov_fdce_C_CLR)     -0.067     1.524    core/vend_counter_reg[25]
  -------------------------------------------------------------------
                         required time                         -1.524    <hidden>
                         arrival time                           2.536    <hidden>
  -------------------------------------------------------------------
                         slack                                  1.012    <hidden>





--------------------------------------------------------------------------------------
Path Group:  (none)
From Clock:  sys_clk
  To Clock:  

Max Delay            20 Endpoints
Min Delay            20 Endpoints
--------------------------------------------------------------------------------------


Max Delay Paths
--------------------------------------------------------------------------------------
Slack:                    inf
  Source:                 core/FSM_sequential_state_reg[0]/C
                            (rising edge-triggered cell FDCE clocked by sys_clk  {rise@0.000ns fall@10.000ns period=20.000ns})
  Destination:            seg[0]
                            (output port)
  Path Group:             (none)
  Path Type:              Max at Slow Process Corner
  Data Path Delay:        13.597ns  (logic 4.249ns (31.251%)  route 9.348ns (68.749%))
  Logic Levels:           6  (LUT4=1 LUT5=1 LUT6=3 OBUF=1)
  Clock Uncertainty:      0.025ns  ((TSJ^2 + TIJ^2)^1/2 + DJ) / 2 + PE
    Total System Jitter     (TSJ):    0.050ns
    Total Input Jitter      (TIJ):    0.000ns
    Discrete Jitter          (DJ):    0.000ns
    Phase Error              (PE):    0.000ns

    Location             Delay type                Incr(ns)  Path(ns)    Netlist Resource(s)
  -------------------------------------------------------------------    -------------------
                         (clock sys_clk rise edge)    0.000     0.000 r  <hidden>
    Y18                                               0.000     0.000 r  clk
                         net (fo=0)                   0.000     0.000    clk
    Y18                  IBUF (Prop_ibuf_I_O)         1.476     1.476 r  clk_IBUF_inst/O
                         net (fo=1, routed)           1.709     3.185    clk_IBUF
    BUFGCTRL_X0Y0        BUFG (Prop_bufg_I_O)         0.081     3.266 r  clk_IBUF_BUFG_inst/O
                         net (fo=254, routed)         1.453     4.719    core/CLK
    SLICE_X82Y66         FDCE                                         r  core/FSM_sequential_state_reg[0]/C
  -------------------------------------------------------------------    -------------------
    SLICE_X82Y66         FDCE (Prop_fdce_C_Q)         0.379     5.098 r  core/FSM_sequential_state_reg[0]/Q
                         net (fo=108, routed)         1.977     7.075    core/state__0[0]
    SLICE_X83Y67         LUT5 (Prop_lut5_I1_O)        0.105     7.180 r  core/seg_OBUF[6]_inst_i_56/O
                         net (fo=8, routed)           1.276     8.456    core/seg_OBUF[6]_inst_i_56_n_0
    SLICE_X84Y61         LUT6 (Prop_lut6_I2_O)        0.105     8.561 r  core/seg_OBUF[6]_inst_i_30/O
                         net (fo=5, routed)           1.098     9.660    core/seg_OBUF[6]_inst_i_30_n_0
    SLICE_X82Y61         LUT6 (Prop_lut6_I5_O)        0.105     9.765 f  core/seg_OBUF[6]_inst_i_13/O
                         net (fo=1, routed)           0.671    10.436    core/seg_OBUF[6]_inst_i_13_n_0
    SLICE_X82Y63         LUT4 (Prop_lut4_I1_O)        0.105    10.541 f  core/seg_OBUF[6]_inst_i_4/O
                         net (fo=7, routed)           0.917    11.458    core/seg_OBUF[6]_inst_i_4_n_0
    SLICE_X78Y62         LUT6 (Prop_lut6_I5_O)        0.105    11.563 r  core/seg_OBUF[0]_inst_i_1/O
                         net (fo=1, routed)           3.408    14.971    seg_OBUF[0]
    AB18                 OBUF (Prop_obuf_I_O)         3.345    18.316 r  seg_OBUF[0]_inst/O
                         net (fo=0)                   0.000    18.316    seg[0]
    AB18                                                              r  seg[0]
  -------------------------------------------------------------------    -------------------

Slack:                    inf
  Source:                 core/FSM_sequential_state_reg[0]/C
                            (rising edge-triggered cell FDCE clocked by sys_clk  {rise@0.000ns fall@10.000ns period=20.000ns})
  Destination:            seg[1]
                            (output port)
  Path Group:             (none)
  Path Type:              Max at Slow Process Corner
  Data Path Delay:        13.561ns  (logic 4.234ns (31.220%)  route 9.327ns (68.780%))
  Logic Levels:           6  (LUT4=1 LUT5=1 LUT6=3 OBUF=1)
  Clock Uncertainty:      0.025ns  ((TSJ^2 + TIJ^2)^1/2 + DJ) / 2 + PE
    Total System Jitter     (TSJ):    0.050ns
    Total Input Jitter      (TIJ):    0.000ns
    Discrete Jitter          (DJ):    0.000ns
    Phase Error              (PE):    0.000ns

    Location             Delay type                Incr(ns)  Path(ns)    Netlist Resource(s)
  -------------------------------------------------------------------    -------------------
                         (clock sys_clk rise edge)    0.000     0.000 r  <hidden>
    Y18                                               0.000     0.000 r  clk
                         net (fo=0)                   0.000     0.000    clk
    Y18                  IBUF (Prop_ibuf_I_O)         1.476     1.476 r  clk_IBUF_inst/O
                         net (fo=1, routed)           1.709     3.185    clk_IBUF
    BUFGCTRL_X0Y0        BUFG (Prop_bufg_I_O)         0.081     3.266 r  clk_IBUF_BUFG_inst/O
                         net (fo=254, routed)         1.453     4.719    core/CLK
    SLICE_X82Y66         FDCE                                         r  core/FSM_sequential_state_reg[0]/C
  -------------------------------------------------------------------    -------------------
    SLICE_X82Y66         FDCE (Prop_fdce_C_Q)         0.379     5.098 r  core/FSM_sequential_state_reg[0]/Q
                         net (fo=108, routed)         1.977     7.075    core/state__0[0]
    SLICE_X83Y67         LUT5 (Prop_lut5_I1_O)        0.105     7.180 r  core/seg_OBUF[6]_inst_i_56/O
                         net (fo=8, routed)           1.276     8.456    core/seg_OBUF[6]_inst_i_56_n_0
    SLICE_X84Y61         LUT6 (Prop_lut6_I2_O)        0.105     8.561 r  core/seg_OBUF[6]_inst_i_30/O
                         net (fo=5, routed)           1.098     9.660    core/seg_OBUF[6]_inst_i_30_n_0
    SLICE_X82Y61         LUT6 (Prop_lut6_I5_O)        0.105     9.765 f  core/seg_OBUF[6]_inst_i_13/O
                         net (fo=1, routed)           0.671    10.436    core/seg_OBUF[6]_inst_i_13_n_0
    SLICE_X82Y63         LUT4 (Prop_lut4_I1_O)        0.105    10.541 f  core/seg_OBUF[6]_inst_i_4/O
                         net (fo=7, routed)           0.908    11.449    core/seg_OBUF[6]_inst_i_4_n_0
    SLICE_X78Y62         LUT6 (Prop_lut6_I5_O)        0.105    11.554 r  core/seg_OBUF[1]_inst_i_1/O
                         net (fo=1, routed)           3.396    14.950    seg_OBUF[1]
    U17                  OBUF (Prop_obuf_I_O)         3.330    18.279 r  seg_OBUF[1]_inst/O
                         net (fo=0)                   0.000    18.279    seg[1]
    U17                                                               r  seg[1]
  -------------------------------------------------------------------    -------------------

Slack:                    inf
  Source:                 core/FSM_sequential_state_reg[0]/C
                            (rising edge-triggered cell FDCE clocked by sys_clk  {rise@0.000ns fall@10.000ns period=20.000ns})
  Destination:            seg[5]
                            (output port)
  Path Group:             (none)
  Path Type:              Max at Slow Process Corner
  Data Path Delay:        13.527ns  (logic 4.189ns (30.965%)  route 9.338ns (69.035%))
  Logic Levels:           6  (LUT4=1 LUT5=1 LUT6=3 OBUF=1)
  Clock Uncertainty:      0.025ns  ((TSJ^2 + TIJ^2)^1/2 + DJ) / 2 + PE
    Total System Jitter     (TSJ):    0.050ns
    Total Input Jitter      (TIJ):    0.000ns
    Discrete Jitter          (DJ):    0.000ns
    Phase Error              (PE):    0.000ns

    Location             Delay type                Incr(ns)  Path(ns)    Netlist Resource(s)
  -------------------------------------------------------------------    -------------------
                         (clock sys_clk rise edge)    0.000     0.000 r  <hidden>
    Y18                                               0.000     0.000 r  clk
                         net (fo=0)                   0.000     0.000    clk
    Y18                  IBUF (Prop_ibuf_I_O)         1.476     1.476 r  clk_IBUF_inst/O
                         net (fo=1, routed)           1.709     3.185    clk_IBUF
    BUFGCTRL_X0Y0        BUFG (Prop_bufg_I_O)         0.081     3.266 r  clk_IBUF_BUFG_inst/O
                         net (fo=254, routed)         1.453     4.719    core/CLK
    SLICE_X82Y66         FDCE                                         r  core/FSM_sequential_state_reg[0]/C
  -------------------------------------------------------------------    -------------------
    SLICE_X82Y66         FDCE (Prop_fdce_C_Q)         0.379     5.098 r  core/FSM_sequential_state_reg[0]/Q
                         net (fo=108, routed)         1.977     7.075    core/state__0[0]
    SLICE_X83Y67         LUT5 (Prop_lut5_I1_O)        0.105     7.180 r  core/seg_OBUF[6]_inst_i_56/O
                         net (fo=8, routed)           1.276     8.456    core/seg_OBUF[6]_inst_i_56_n_0
    SLICE_X84Y61         LUT6 (Prop_lut6_I2_O)        0.105     8.561 r  core/seg_OBUF[6]_inst_i_30/O
                         net (fo=5, routed)           1.098     9.660    core/seg_OBUF[6]_inst_i_30_n_0
    SLICE_X82Y61         LUT6 (Prop_lut6_I5_O)        0.105     9.765 r  core/seg_OBUF[6]_inst_i_13/O
                         net (fo=1, routed)           0.671    10.436    core/seg_OBUF[6]_inst_i_13_n_0
    SLICE_X82Y63         LUT4 (Prop_lut4_I1_O)        0.105    10.541 r  core/seg_OBUF[6]_inst_i_4/O
                         net (fo=7, routed)           1.153    11.694    core/seg_OBUF[6]_inst_i_4_n_0
    SLICE_X78Y61         LUT6 (Prop_lut6_I1_O)        0.105    11.799 r  core/seg_OBUF[5]_inst_i_1/O
                         net (fo=1, routed)           3.162    14.961    seg_OBUF[5]
    R18                  OBUF (Prop_obuf_I_O)         3.285    18.246 r  seg_OBUF[5]_inst/O
                         net (fo=0)                   0.000    18.246    seg[5]
    R18                                                               r  seg[5]
  -------------------------------------------------------------------    -------------------

Slack:                    inf
  Source:                 core/FSM_sequential_state_reg[0]/C
                            (rising edge-triggered cell FDCE clocked by sys_clk  {rise@0.000ns fall@10.000ns period=20.000ns})
  Destination:            seg[6]
                            (output port)
  Path Group:             (none)
  Path Type:              Max at Slow Process Corner
  Data Path Delay:        13.349ns  (logic 4.189ns (31.384%)  route 9.159ns (68.616%))
  Logic Levels:           6  (LUT4=1 LUT5=1 LUT6=3 OBUF=1)
  Clock Uncertainty:      0.025ns  ((TSJ^2 + TIJ^2)^1/2 + DJ) / 2 + PE
    Total System Jitter     (TSJ):    0.050ns
    Total Input Jitter      (TIJ):    0.000ns
    Discrete Jitter          (DJ):    0.000ns
    Phase Error              (PE):    0.000ns

    Location             Delay type                Incr(ns)  Path(ns)    Netlist Resource(s)
  -------------------------------------------------------------------    -------------------
                         (clock sys_clk rise edge)    0.000     0.000 r  <hidden>
    Y18                                               0.000     0.000 r  clk
                         net (fo=0)                   0.000     0.000    clk
    Y18                  IBUF (Prop_ibuf_I_O)         1.476     1.476 r  clk_IBUF_inst/O
                         net (fo=1, routed)           1.709     3.185    clk_IBUF
    BUFGCTRL_X0Y0        BUFG (Prop_bufg_I_O)         0.081     3.266 r  clk_IBUF_BUFG_inst/O
                         net (fo=254, routed)         1.453     4.719    core/CLK
    SLICE_X82Y66         FDCE                                         r  core/FSM_sequential_state_reg[0]/C
  -------------------------------------------------------------------    -------------------
    SLICE_X82Y66         FDCE (Prop_fdce_C_Q)         0.379     5.098 r  core/FSM_sequential_state_reg[0]/Q
                         net (fo=108, routed)         1.977     7.075    core/state__0[0]
    SLICE_X83Y67         LUT5 (Prop_lut5_I1_O)        0.105     7.180 r  core/seg_OBUF[6]_inst_i_56/O
                         net (fo=8, routed)           1.276     8.456    core/seg_OBUF[6]_inst_i_56_n_0
    SLICE_X84Y61         LUT6 (Prop_lut6_I2_O)        0.105     8.561 r  core/seg_OBUF[6]_inst_i_30/O
                         net (fo=5, routed)           1.098     9.660    core/seg_OBUF[6]_inst_i_30_n_0
    SLICE_X82Y61         LUT6 (Prop_lut6_I5_O)        0.105     9.765 r  core/seg_OBUF[6]_inst_i_13/O
                         net (fo=1, routed)           0.671    10.436    core/seg_OBUF[6]_inst_i_13_n_0
    SLICE_X82Y63         LUT4 (Prop_lut4_I1_O)        0.105    10.541 r  core/seg_OBUF[6]_inst_i_4/O
                         net (fo=7, routed)           1.167    11.708    core/seg_OBUF[6]_inst_i_4_n_0
    SLICE_X78Y61         LUT6 (Prop_lut6_I3_O)        0.105    11.813 r  core/seg_OBUF[6]_inst_i_1/O
                         net (fo=1, routed)           2.969    14.782    seg_OBUF[6]
    T18                  OBUF (Prop_obuf_I_O)         3.285    18.067 r  seg_OBUF[6]_inst/O
                         net (fo=0)                   0.000    18.067    seg[6]
    T18                                                               r  seg[6]
  -------------------------------------------------------------------    -------------------

Slack:                    inf
  Source:                 core/FSM_sequential_state_reg[0]/C
                            (rising edge-triggered cell FDCE clocked by sys_clk  {rise@0.000ns fall@10.000ns period=20.000ns})
  Destination:            seg[3]
                            (output port)
  Path Group:             (none)
  Path Type:              Max at Slow Process Corner
  Data Path Delay:        13.333ns  (logic 4.198ns (31.484%)  route 9.136ns (68.516%))
  Logic Levels:           6  (LUT4=1 LUT5=1 LUT6=3 OBUF=1)
  Clock Uncertainty:      0.025ns  ((TSJ^2 + TIJ^2)^1/2 + DJ) / 2 + PE
    Total System Jitter     (TSJ):    0.050ns
    Total Input Jitter      (TIJ):    0.000ns
    Discrete Jitter          (DJ):    0.000ns
    Phase Error              (PE):    0.000ns

    Location             Delay type                Incr(ns)  Path(ns)    Netlist Resource(s)
  -------------------------------------------------------------------    -------------------
                         (clock sys_clk rise edge)    0.000     0.000 r  <hidden>
    Y18                                               0.000     0.000 r  clk
                         net (fo=0)                   0.000     0.000    clk
    Y18                  IBUF (Prop_ibuf_I_O)         1.476     1.476 r  clk_IBUF_inst/O
                         net (fo=1, routed)           1.709     3.185    clk_IBUF
    BUFGCTRL_X0Y0        BUFG (Prop_bufg_I_O)         0.081     3.266 r  clk_IBUF_BUFG_inst/O
                         net (fo=254, routed)         1.453     4.719    core/CLK
    SLICE_X82Y66         FDCE                                         r  core/FSM_sequential_state_reg[0]/C
  -------------------------------------------------------------------    -------------------
    SLICE_X82Y66         FDCE (Prop_fdce_C_Q)         0.379     5.098 r  core/FSM_sequential_state_reg[0]/Q
                         net (fo=108, routed)         1.977     7.075    core/state__0[0]
    SLICE_X83Y67         LUT5 (Prop_lut5_I1_O)        0.105     7.180 r  core/seg_OBUF[6]_inst_i_56/O
                         net (fo=8, routed)           1.276     8.456    core/seg_OBUF[6]_inst_i_56_n_0
    SLICE_X84Y61         LUT6 (Prop_lut6_I2_O)        0.105     8.561 r  core/seg_OBUF[6]_inst_i_30/O
                         net (fo=5, routed)           1.098     9.660    core/seg_OBUF[6]_inst_i_30_n_0
    SLICE_X82Y61         LUT6 (Prop_lut6_I5_O)        0.105     9.765 r  core/seg_OBUF[6]_inst_i_13/O
                         net (fo=1, routed)           0.671    10.436    core/seg_OBUF[6]_inst_i_13_n_0
    SLICE_X82Y63         LUT4 (Prop_lut4_I1_O)        0.105    10.541 r  core/seg_OBUF[6]_inst_i_4/O
                         net (fo=7, routed)           0.816    11.357    core/seg_OBUF[6]_inst_i_4_n_0
    SLICE_X78Y61         LUT6 (Prop_lut6_I0_O)        0.105    11.462 r  core/seg_OBUF[3]_inst_i_1/O
                         net (fo=1, routed)           3.296    14.758    seg_OBUF[3]
    P14                  OBUF (Prop_obuf_I_O)         3.294    18.052 r  seg_OBUF[3]_inst/O
                         net (fo=0)                   0.000    18.052    seg[3]
    P14                                                               r  seg[3]
  -------------------------------------------------------------------    -------------------

Slack:                    inf
  Source:                 core/FSM_sequential_state_reg[0]/C
                            (rising edge-triggered cell FDCE clocked by sys_clk  {rise@0.000ns fall@10.000ns period=20.000ns})
  Destination:            seg[4]
                            (output port)
  Path Group:             (none)
  Path Type:              Max at Slow Process Corner
  Data Path Delay:        13.315ns  (logic 4.193ns (31.490%)  route 9.122ns (68.510%))
  Logic Levels:           6  (LUT4=1 LUT5=1 LUT6=3 OBUF=1)
  Clock Uncertainty:      0.025ns  ((TSJ^2 + TIJ^2)^1/2 + DJ) / 2 + PE
    Total System Jitter     (TSJ):    0.050ns
    Total Input Jitter      (TIJ):    0.000ns
    Discrete Jitter          (DJ):    0.000ns
    Phase Error              (PE):    0.000ns

    Location             Delay type                Incr(ns)  Path(ns)    Netlist Resource(s)
  -------------------------------------------------------------------    -------------------
                         (clock sys_clk rise edge)    0.000     0.000 r  <hidden>
    Y18                                               0.000     0.000 r  clk
                         net (fo=0)                   0.000     0.000    clk
    Y18                  IBUF (Prop_ibuf_I_O)         1.476     1.476 r  clk_IBUF_inst/O
                         net (fo=1, routed)           1.709     3.185    clk_IBUF
    BUFGCTRL_X0Y0        BUFG (Prop_bufg_I_O)         0.081     3.266 r  clk_IBUF_BUFG_inst/O
                         net (fo=254, routed)         1.453     4.719    core/CLK
    SLICE_X82Y66         FDCE                                         r  core/FSM_sequential_state_reg[0]/C
  -------------------------------------------------------------------    -------------------
    SLICE_X82Y66         FDCE (Prop_fdce_C_Q)         0.379     5.098 r  core/FSM_sequential_state_reg[0]/Q
                         net (fo=108, routed)         1.977     7.075    core/state__0[0]
    SLICE_X83Y67         LUT5 (Prop_lut5_I1_O)        0.105     7.180 r  core/seg_OBUF[6]_inst_i_56/O
                         net (fo=8, routed)           1.276     8.456    core/seg_OBUF[6]_inst_i_56_n_0
    SLICE_X84Y61         LUT6 (Prop_lut6_I2_O)        0.105     8.561 r  core/seg_OBUF[6]_inst_i_30/O
                         net (fo=5, routed)           1.098     9.660    core/seg_OBUF[6]_inst_i_30_n_0
    SLICE_X82Y61         LUT6 (Prop_lut6_I5_O)        0.105     9.765 f  core/seg_OBUF[6]_inst_i_13/O
                         net (fo=1, routed)           0.671    10.436    core/seg_OBUF[6]_inst_i_13_n_0
    SLICE_X82Y63         LUT4 (Prop_lut4_I1_O)        0.105    10.541 f  core/seg_OBUF[6]_inst_i_4/O
                         net (fo=7, routed)           0.823    11.364    core/seg_OBUF[6]_inst_i_4_n_0
    SLICE_X78Y61         LUT6 (Prop_lut6_I4_O)        0.105    11.469 r  core/seg_OBUF[4]_inst_i_1/O
                         net (fo=1, routed)           3.276    14.744    seg_OBUF[4]
    R14                  OBUF (Prop_obuf_I_O)         3.289    18.033 r  seg_OBUF[4]_inst/O
                         net (fo=0)                   0.000    18.033    seg[4]
    R14                                                               r  seg[4]
  -------------------------------------------------------------------    -------------------

Slack:                    inf
  Source:                 core/FSM_sequential_state_reg[0]/C
                            (rising edge-triggered cell FDCE clocked by sys_clk  {rise@0.000ns fall@10.000ns period=20.000ns})
  Destination:            seg[2]
                            (output port)
  Path Group:             (none)
  Path Type:              Max at Slow Process Corner
  Data Path Delay:        13.116ns  (logic 4.228ns (32.234%)  route 8.888ns (67.766%))
  Logic Levels:           6  (LUT4=1 LUT5=1 LUT6=3 OBUF=1)
  Clock Uncertainty:      0.025ns  ((TSJ^2 + TIJ^2)^1/2 + DJ) / 2 + PE
    Total System Jitter     (TSJ):    0.050ns
    Total Input Jitter      (TIJ):    0.000ns
    Discrete Jitter          (DJ):    0.000ns
    Phase Error              (PE):    0.000ns

    Location             Delay type                Incr(ns)  Path(ns)    Netlist Resource(s)
  -------------------------------------------------------------------    -------------------
                         (clock sys_clk rise edge)    0.000     0.000 r  <hidden>
    Y18                                               0.000     0.000 r  clk
                         net (fo=0)                   0.000     0.000    clk
    Y18                  IBUF (Prop_ibuf_I_O)         1.476     1.476 r  clk_IBUF_inst/O
                         net (fo=1, routed)           1.709     3.185    clk_IBUF
    BUFGCTRL_X0Y0        BUFG (Prop_bufg_I_O)         0.081     3.266 r  clk_IBUF_BUFG_inst/O
                         net (fo=254, routed)         1.453     4.719    core/CLK
    SLICE_X82Y66         FDCE                                         r  core/FSM_sequential_state_reg[0]/C
  -------------------------------------------------------------------    -------------------
    SLICE_X82Y66         FDCE (Prop_fdce_C_Q)         0.379     5.098 r  core/FSM_sequential_state_reg[0]/Q
                         net (fo=108, routed)         1.977     7.075    core/state__0[0]
    SLICE_X83Y67         LUT5 (Prop_lut5_I1_O)        0.105     7.180 r  core/seg_OBUF[6]_inst_i_56/O
                         net (fo=8, routed)           1.276     8.456    core/seg_OBUF[6]_inst_i_56_n_0
    SLICE_X84Y61         LUT6 (Prop_lut6_I2_O)        0.105     8.561 r  core/seg_OBUF[6]_inst_i_30/O
                         net (fo=5, routed)           1.098     9.660    core/seg_OBUF[6]_inst_i_30_n_0
    SLICE_X82Y61         LUT6 (Prop_lut6_I5_O)        0.105     9.765 f  core/seg_OBUF[6]_inst_i_13/O
                         net (fo=1, routed)           0.671    10.436    core/seg_OBUF[6]_inst_i_13_n_0
    SLICE_X82Y63         LUT4 (Prop_lut4_I1_O)        0.105    10.541 f  core/seg_OBUF[6]_inst_i_4/O
                         net (fo=7, routed)           0.577    11.118    core/seg_OBUF[6]_inst_i_4_n_0
    SLICE_X78Y62         LUT6 (Prop_lut6_I0_O)        0.105    11.223 r  core/seg_OBUF[2]_inst_i_1/O
                         net (fo=1, routed)           3.288    14.510    seg_OBUF[2]
    U18                  OBUF (Prop_obuf_I_O)         3.324    17.834 r  seg_OBUF[2]_inst/O
                         net (fo=0)                   0.000    17.834    seg[2]
    U18                                                               r  seg[2]
  -------------------------------------------------------------------    -------------------

Slack:                    inf
  Source:                 key_beep_counter_reg[5]/C
                            (rising edge-triggered cell FDRE clocked by sys_clk  {rise@0.000ns fall@10.000ns period=20.000ns})
  Destination:            buzzer
                            (output port)
  Path Group:             (none)
  Path Type:              Max at Slow Process Corner
  Data Path Delay:        11.131ns  (logic 4.145ns (37.238%)  route 6.986ns (62.762%))
  Logic Levels:           4  (LUT5=1 LUT6=2 OBUF=1)
  Clock Uncertainty:      0.025ns  ((TSJ^2 + TIJ^2)^1/2 + DJ) / 2 + PE
    Total System Jitter     (TSJ):    0.050ns
    Total Input Jitter      (TIJ):    0.000ns
    Discrete Jitter          (DJ):    0.000ns
    Phase Error              (PE):    0.000ns

    Location             Delay type                Incr(ns)  Path(ns)    Netlist Resource(s)
  -------------------------------------------------------------------    -------------------
                         (clock sys_clk rise edge)    0.000     0.000 r  <hidden>
    Y18                                               0.000     0.000 r  clk
                         net (fo=0)                   0.000     0.000    clk
    Y18                  IBUF (Prop_ibuf_I_O)         1.476     1.476 r  clk_IBUF_inst/O
                         net (fo=1, routed)           1.709     3.185    clk_IBUF
    BUFGCTRL_X0Y0        BUFG (Prop_bufg_I_O)         0.081     3.266 r  clk_IBUF_BUFG_inst/O
                         net (fo=254, routed)         1.462     4.728    clk_IBUF_BUFG
    SLICE_X85Y55         FDRE                                         r  key_beep_counter_reg[5]/C
  -------------------------------------------------------------------    -------------------
    SLICE_X85Y55         FDRE (Prop_fdre_C_Q)         0.379     5.107 f  key_beep_counter_reg[5]/Q
                         net (fo=3, routed)           1.079     6.185    core/Q[5]
    SLICE_X85Y55         LUT6 (Prop_lut6_I0_O)        0.105     6.290 r  core/buzzer_OBUF_inst_i_4/O
                         net (fo=1, routed)           0.314     6.604    core/buzzer_OBUF_inst_i_4_n_0
    SLICE_X85Y56         LUT6 (Prop_lut6_I1_O)        0.105     6.709 f  core/buzzer_OBUF_inst_i_2/O
                         net (fo=17, routed)          1.334     8.043    core/key_beep_counter_reg[14]
    SLICE_X81Y60         LUT5 (Prop_lut5_I4_O)        0.115     8.158 r  core/buzzer_OBUF_inst_i_1/O
                         net (fo=1, routed)           4.260    12.418    buzzer_OBUF
    P20                  OBUF (Prop_obuf_I_O)         3.441    15.859 r  buzzer_OBUF_inst/O
                         net (fo=0)                   0.000    15.859    buzzer
    P20                                                               r  buzzer
  -------------------------------------------------------------------    -------------------

Slack:                    inf
  Source:                 display/refresh_count_reg[15]/C
                            (rising edge-triggered cell FDCE clocked by sys_clk  {rise@0.000ns fall@10.000ns period=20.000ns})
  Destination:            sel[2]
                            (output port)
  Path Group:             (none)
  Path Type:              Max at Slow Process Corner
  Data Path Delay:        9.111ns  (logic 3.989ns (43.778%)  route 5.123ns (56.222%))
  Logic Levels:           2  (LUT3=1 OBUF=1)
  Clock Uncertainty:      0.025ns  ((TSJ^2 + TIJ^2)^1/2 + DJ) / 2 + PE
    Total System Jitter     (TSJ):    0.050ns
    Total Input Jitter      (TIJ):    0.000ns
    Discrete Jitter          (DJ):    0.000ns
    Phase Error              (PE):    0.000ns

    Location             Delay type                Incr(ns)  Path(ns)    Netlist Resource(s)
  -------------------------------------------------------------------    -------------------
                         (clock sys_clk rise edge)    0.000     0.000 r  <hidden>
    Y18                                               0.000     0.000 r  clk
                         net (fo=0)                   0.000     0.000    clk
    Y18                  IBUF (Prop_ibuf_I_O)         1.476     1.476 r  clk_IBUF_inst/O
                         net (fo=1, routed)           1.709     3.185    clk_IBUF
    BUFGCTRL_X0Y0        BUFG (Prop_bufg_I_O)         0.081     3.266 r  clk_IBUF_BUFG_inst/O
                         net (fo=254, routed)         1.462     4.728    display/CLK
    SLICE_X82Y54         FDCE                                         r  display/refresh_count_reg[15]/C
  -------------------------------------------------------------------    -------------------
    SLICE_X82Y54         FDCE (Prop_fdce_C_Q)         0.379     5.107 r  display/refresh_count_reg[15]/Q
                         net (fo=24, routed)          1.639     6.745    display/scan_index[2]
    SLICE_X80Y64         LUT3 (Prop_lut3_I2_O)        0.118     6.863 r  display/sel_OBUF[2]_inst_i_1/O
                         net (fo=3, routed)           3.484    10.347    sel_OBUF[2]
    V19                  OBUF (Prop_obuf_I_O)         3.492    13.839 r  sel_OBUF[2]_inst/O
                         net (fo=0)                   0.000    13.839    sel[2]
    V19                                                               r  sel[2]
  -------------------------------------------------------------------    -------------------

Slack:                    inf
  Source:                 display/refresh_count_reg[15]/C
                            (rising edge-triggered cell FDCE clocked by sys_clk  {rise@0.000ns fall@10.000ns period=20.000ns})
  Destination:            sel[6]
                            (output port)
  Path Group:             (none)
  Path Type:              Max at Slow Process Corner
  Data Path Delay:        8.979ns  (logic 4.011ns (44.671%)  route 4.968ns (55.329%))
  Logic Levels:           2  (LUT3=1 OBUF=1)
  Clock Uncertainty:      0.025ns  ((TSJ^2 + TIJ^2)^1/2 + DJ) / 2 + PE
    Total System Jitter     (TSJ):    0.050ns
    Total Input Jitter      (TIJ):    0.000ns
    Discrete Jitter          (DJ):    0.000ns
    Phase Error              (PE):    0.000ns

    Location             Delay type                Incr(ns)  Path(ns)    Netlist Resource(s)
  -------------------------------------------------------------------    -------------------
                         (clock sys_clk rise edge)    0.000     0.000 r  <hidden>
    Y18                                               0.000     0.000 r  clk
                         net (fo=0)                   0.000     0.000    clk
    Y18                  IBUF (Prop_ibuf_I_O)         1.476     1.476 r  clk_IBUF_inst/O
                         net (fo=1, routed)           1.709     3.185    clk_IBUF
    BUFGCTRL_X0Y0        BUFG (Prop_bufg_I_O)         0.081     3.266 r  clk_IBUF_BUFG_inst/O
                         net (fo=254, routed)         1.462     4.728    display/CLK
    SLICE_X82Y54         FDCE                                         r  display/refresh_count_reg[15]/C
  -------------------------------------------------------------------    -------------------
    SLICE_X82Y54         FDCE (Prop_fdce_C_Q)         0.379     5.107 f  display/refresh_count_reg[15]/Q
                         net (fo=24, routed)          1.630     6.736    display/scan_index[2]
    SLICE_X80Y64         LUT3 (Prop_lut3_I1_O)        0.118     6.854 r  display/sel_OBUF[6]_inst_i_1/O
                         net (fo=1, routed)           3.338    10.193    sel_OBUF[6]
    W17                  OBUF (Prop_obuf_I_O)         3.514    13.707 r  sel_OBUF[6]_inst/O
                         net (fo=0)                   0.000    13.707    sel[6]
    W17                                                               r  sel[6]
  -------------------------------------------------------------------    -------------------





Min Delay Paths
--------------------------------------------------------------------------------------
Slack:                    inf
  Source:                 core/vend_pulse_reg/C
                            (rising edge-triggered cell FDCE clocked by sys_clk  {rise@0.000ns fall@10.000ns period=20.000ns})
  Destination:            led[2]
                            (output port)
  Path Group:             (none)
  Path Type:              Min at Fast Process Corner
  Data Path Delay:        1.995ns  (logic 1.443ns (72.334%)  route 0.552ns (27.666%))
  Logic Levels:           2  (LUT4=1 OBUF=1)
  Clock Uncertainty:      0.025ns  ((TSJ^2 + TIJ^2)^1/2 + DJ) / 2 + PE
    Total System Jitter     (TSJ):    0.050ns
    Total Input Jitter      (TIJ):    0.000ns
    Discrete Jitter          (DJ):    0.000ns
    Phase Error              (PE):    0.000ns

    Location             Delay type                Incr(ns)  Path(ns)    Netlist Resource(s)
  -------------------------------------------------------------------    -------------------
                         (clock sys_clk rise edge)    0.000     0.000 r  <hidden>
    Y18                                               0.000     0.000 r  clk
                         net (fo=0)                   0.000     0.000    clk
    Y18                  IBUF (Prop_ibuf_I_O)         0.312     0.312 r  clk_IBUF_inst/O
                         net (fo=1, routed)           0.640     0.952    clk_IBUF
    BUFGCTRL_X0Y0        BUFG (Prop_bufg_I_O)         0.026     0.978 r  clk_IBUF_BUFG_inst/O
                         net (fo=254, routed)         0.600     1.578    core/CLK
    SLICE_X85Y64         FDCE                                         r  core/vend_pulse_reg/C
  -------------------------------------------------------------------    -------------------
    SLICE_X85Y64         FDCE (Prop_fdce_C_Q)         0.141     1.719 r  core/vend_pulse_reg/Q
                         net (fo=1, routed)           0.155     1.874    core/vend_pulse
    SLICE_X85Y64         LUT4 (Prop_lut4_I0_O)        0.045     1.919 r  core/led_OBUF[2]_inst_i_1/O
                         net (fo=1, routed)           0.396     2.316    led_OBUF[2]
    W7                   OBUF (Prop_obuf_I_O)         1.257     3.573 r  led_OBUF[2]_inst/O
                         net (fo=0)                   0.000     3.573    led[2]
    W7                                                                r  led[2]
  -------------------------------------------------------------------    -------------------

Slack:                    inf
  Source:                 core/selected_count_reg[0]/C
                            (rising edge-triggered cell FDCE clocked by sys_clk  {rise@0.000ns fall@10.000ns period=20.000ns})
  Destination:            led[0]
                            (output port)
  Path Group:             (none)
  Path Type:              Min at Fast Process Corner
  Data Path Delay:        2.094ns  (logic 1.456ns (69.504%)  route 0.639ns (30.496%))
  Logic Levels:           2  (LUT2=1 OBUF=1)
  Clock Uncertainty:      0.025ns  ((TSJ^2 + TIJ^2)^1/2 + DJ) / 2 + PE
    Total System Jitter     (TSJ):    0.050ns
    Total Input Jitter      (TIJ):    0.000ns
    Discrete Jitter          (DJ):    0.000ns
    Phase Error              (PE):    0.000ns

    Location             Delay type                Incr(ns)  Path(ns)    Netlist Resource(s)
  -------------------------------------------------------------------    -------------------
                         (clock sys_clk rise edge)    0.000     0.000 r  <hidden>
    Y18                                               0.000     0.000 r  clk
                         net (fo=0)                   0.000     0.000    clk
    Y18                  IBUF (Prop_ibuf_I_O)         0.312     0.312 r  clk_IBUF_inst/O
                         net (fo=1, routed)           0.640     0.952    clk_IBUF
    BUFGCTRL_X0Y0        BUFG (Prop_bufg_I_O)         0.026     0.978 r  clk_IBUF_BUFG_inst/O
                         net (fo=254, routed)         0.602     1.580    core/CLK
    SLICE_X83Y60         FDCE                                         r  core/selected_count_reg[0]/C
  -------------------------------------------------------------------    -------------------
    SLICE_X83Y60         FDCE (Prop_fdce_C_Q)         0.141     1.721 r  core/selected_count_reg[0]/Q
                         net (fo=2, routed)           0.200     1.921    core/selected_count[0]
    SLICE_X83Y60         LUT2 (Prop_lut2_I1_O)        0.045     1.966 r  core/led_OBUF[0]_inst_i_1/O
                         net (fo=1, routed)           0.439     2.405    led_OBUF[0]
    AA6                  OBUF (Prop_obuf_I_O)         1.270     3.674 r  led_OBUF[0]_inst/O
                         net (fo=0)                   0.000     3.674    led[0]
    AA6                                                               r  led[0]
  -------------------------------------------------------------------    -------------------

Slack:                    inf
  Source:                 core/return_coin_pulse_reg/C
                            (rising edge-triggered cell FDCE clocked by sys_clk  {rise@0.000ns fall@10.000ns period=20.000ns})
  Destination:            led[3]
                            (output port)
  Path Group:             (none)
  Path Type:              Min at Fast Process Corner
  Data Path Delay:        2.169ns  (logic 1.533ns (70.680%)  route 0.636ns (29.320%))
  Logic Levels:           2  (LUT4=1 OBUF=1)
  Clock Uncertainty:      0.025ns  ((TSJ^2 + TIJ^2)^1/2 + DJ) / 2 + PE
    Total System Jitter     (TSJ):    0.050ns
    Total Input Jitter      (TIJ):    0.000ns
    Discrete Jitter          (DJ):    0.000ns
    Phase Error              (PE):    0.000ns

    Location             Delay type                Incr(ns)  Path(ns)    Netlist Resource(s)
  -------------------------------------------------------------------    -------------------
                         (clock sys_clk rise edge)    0.000     0.000 r  <hidden>
    Y18                                               0.000     0.000 r  clk
                         net (fo=0)                   0.000     0.000    clk
    Y18                  IBUF (Prop_ibuf_I_O)         0.312     0.312 r  clk_IBUF_inst/O
                         net (fo=1, routed)           0.640     0.952    clk_IBUF
    BUFGCTRL_X0Y0        BUFG (Prop_bufg_I_O)         0.026     0.978 r  clk_IBUF_BUFG_inst/O
                         net (fo=254, routed)         0.599     1.577    core/CLK
    SLICE_X82Y66         FDCE                                         r  core/return_coin_pulse_reg/C
  -------------------------------------------------------------------    -------------------
    SLICE_X82Y66         FDCE (Prop_fdce_C_Q)         0.141     1.718 r  core/return_coin_pulse_reg/Q
                         net (fo=1, routed)           0.232     1.949    core/return_coin_pulse
    SLICE_X85Y64         LUT4 (Prop_lut4_I0_O)        0.046     1.995 r  core/led_OBUF[3]_inst_i_1/O
                         net (fo=1, routed)           0.405     2.400    led_OBUF[3]
    AB7                  OBUF (Prop_obuf_I_O)         1.346     3.746 r  led_OBUF[3]_inst/O
                         net (fo=0)                   0.000     3.746    led[3]
    AB7                                                               r  led[3]
  -------------------------------------------------------------------    -------------------

Slack:                    inf
  Source:                 core/FSM_sequential_state_reg[2]/C
                            (rising edge-triggered cell FDCE clocked by sys_clk  {rise@0.000ns fall@10.000ns period=20.000ns})
  Destination:            led[1]
                            (output port)
  Path Group:             (none)
  Path Type:              Min at Fast Process Corner
  Data Path Delay:        2.351ns  (logic 1.445ns (61.473%)  route 0.906ns (38.527%))
  Logic Levels:           2  (LUT3=1 OBUF=1)
  Clock Uncertainty:      0.025ns  ((TSJ^2 + TIJ^2)^1/2 + DJ) / 2 + PE
    Total System Jitter     (TSJ):    0.050ns
    Total Input Jitter      (TIJ):    0.000ns
    Discrete Jitter          (DJ):    0.000ns
    Phase Error              (PE):    0.000ns

    Location             Delay type                Incr(ns)  Path(ns)    Netlist Resource(s)
  -------------------------------------------------------------------    -------------------
                         (clock sys_clk rise edge)    0.000     0.000 r  <hidden>
    Y18                                               0.000     0.000 r  clk
                         net (fo=0)                   0.000     0.000    clk
    Y18                  IBUF (Prop_ibuf_I_O)         0.312     0.312 r  clk_IBUF_inst/O
                         net (fo=1, routed)           0.640     0.952    clk_IBUF
    BUFGCTRL_X0Y0        BUFG (Prop_bufg_I_O)         0.026     0.978 r  clk_IBUF_BUFG_inst/O
                         net (fo=254, routed)         0.600     1.578    core/CLK
    SLICE_X82Y65         FDCE                                         r  core/FSM_sequential_state_reg[2]/C
  -------------------------------------------------------------------    -------------------
    SLICE_X82Y65         FDCE (Prop_fdce_C_Q)         0.141     1.719 r  core/FSM_sequential_state_reg[2]/Q
                         net (fo=76, routed)          0.515     2.233    core/state__0[2]
    SLICE_X86Y61         LUT3 (Prop_lut3_I2_O)        0.045     2.278 r  core/led_OBUF[1]_inst_i_1/O
                         net (fo=12, routed)          0.391     2.670    led_OBUF[1]
    V7                   OBUF (Prop_obuf_I_O)         1.259     3.929 r  led_OBUF[1]_inst/O
                         net (fo=0)                   0.000     3.929    led[1]
    V7                                                                r  led[1]
  -------------------------------------------------------------------    -------------------

Slack:                    inf
  Source:                 core/FSM_sequential_state_reg[1]/C
                            (rising edge-triggered cell FDCE clocked by sys_clk  {rise@0.000ns fall@10.000ns period=20.000ns})
  Destination:            seg[6]
                            (output port)
  Path Group:             (none)
  Path Type:              Min at Fast Process Corner
  Data Path Delay:        3.354ns  (logic 1.472ns (43.879%)  route 1.882ns (56.121%))
  Logic Levels:           3  (LUT5=1 LUT6=1 OBUF=1)
  Clock Uncertainty:      0.025ns  ((TSJ^2 + TIJ^2)^1/2 + DJ) / 2 + PE
    Total System Jitter     (TSJ):    0.050ns
    Total Input Jitter      (TIJ):    0.000ns
    Discrete Jitter          (DJ):    0.000ns
    Phase Error              (PE):    0.000ns

    Location             Delay type                Incr(ns)  Path(ns)    Netlist Resource(s)
  -------------------------------------------------------------------    -------------------
                         (clock sys_clk rise edge)    0.000     0.000 r  <hidden>
    Y18                                               0.000     0.000 r  clk
                         net (fo=0)                   0.000     0.000    clk
    Y18                  IBUF (Prop_ibuf_I_O)         0.312     0.312 r  clk_IBUF_inst/O
                         net (fo=1, routed)           0.640     0.952    clk_IBUF
    BUFGCTRL_X0Y0        BUFG (Prop_bufg_I_O)         0.026     0.978 r  clk_IBUF_BUFG_inst/O
                         net (fo=254, routed)         0.600     1.578    core/CLK
    SLICE_X82Y65         FDCE                                         r  core/FSM_sequential_state_reg[1]/C
  -------------------------------------------------------------------    -------------------
    SLICE_X82Y65         FDCE (Prop_fdce_C_Q)         0.141     1.719 r  core/FSM_sequential_state_reg[1]/Q
                         net (fo=74, routed)          0.473     2.192    core/state__0[1]
    SLICE_X81Y62         LUT5 (Prop_lut5_I2_O)        0.045     2.237 r  core/seg_OBUF[6]_inst_i_3/O
                         net (fo=7, routed)           0.174     2.411    core/seg_OBUF[6]_inst_i_3_n_0
    SLICE_X78Y61         LUT6 (Prop_lut6_I2_O)        0.045     2.456 r  core/seg_OBUF[6]_inst_i_1/O
                         net (fo=1, routed)           1.235     3.691    seg_OBUF[6]
    T18                  OBUF (Prop_obuf_I_O)         1.241     4.931 r  seg_OBUF[6]_inst/O
                         net (fo=0)                   0.000     4.931    seg[6]
    T18                                                               r  seg[6]
  -------------------------------------------------------------------    -------------------

Slack:                    inf
  Source:                 display/refresh_count_reg[14]/C
                            (rising edge-triggered cell FDCE clocked by sys_clk  {rise@0.000ns fall@10.000ns period=20.000ns})
  Destination:            sel[3]
                            (output port)
  Path Group:             (none)
  Path Type:              Min at Fast Process Corner
  Data Path Delay:        3.454ns  (logic 1.492ns (43.194%)  route 1.962ns (56.806%))
  Logic Levels:           2  (LUT3=1 OBUF=1)
  Clock Uncertainty:      0.025ns  ((TSJ^2 + TIJ^2)^1/2 + DJ) / 2 + PE
    Total System Jitter     (TSJ):    0.050ns
    Total Input Jitter      (TIJ):    0.000ns
    Discrete Jitter          (DJ):    0.000ns
    Phase Error              (PE):    0.000ns

    Location             Delay type                Incr(ns)  Path(ns)    Netlist Resource(s)
  -------------------------------------------------------------------    -------------------
                         (clock sys_clk rise edge)    0.000     0.000 r  <hidden>
    Y18                                               0.000     0.000 r  clk
                         net (fo=0)                   0.000     0.000    clk
    Y18                  IBUF (Prop_ibuf_I_O)         0.312     0.312 r  clk_IBUF_inst/O
                         net (fo=1, routed)           0.640     0.952    clk_IBUF
    BUFGCTRL_X0Y0        BUFG (Prop_bufg_I_O)         0.026     0.978 r  clk_IBUF_BUFG_inst/O
                         net (fo=254, routed)         0.604     1.582    display/CLK
    SLICE_X82Y54         FDCE                                         r  display/refresh_count_reg[14]/C
  -------------------------------------------------------------------    -------------------
    SLICE_X82Y54         FDCE (Prop_fdce_C_Q)         0.141     1.723 f  display/refresh_count_reg[14]/Q
                         net (fo=19, routed)          0.334     2.057    display/scan_index[1]
    SLICE_X82Y64         LUT3 (Prop_lut3_I0_O)        0.045     2.102 r  display/sel_OBUF[3]_inst_i_1/O
                         net (fo=3, routed)           1.628     3.730    sel_OBUF[3]
    AA19                 OBUF (Prop_obuf_I_O)         1.306     5.036 r  sel_OBUF[3]_inst/O
                         net (fo=0)                   0.000     5.036    sel[3]
    AA19                                                              r  sel[3]
  -------------------------------------------------------------------    -------------------

Slack:                    inf
  Source:                 core/FSM_sequential_state_reg[1]/C
                            (rising edge-triggered cell FDCE clocked by sys_clk  {rise@0.000ns fall@10.000ns period=20.000ns})
  Destination:            seg[5]
                            (output port)
  Path Group:             (none)
  Path Type:              Min at Fast Process Corner
  Data Path Delay:        3.509ns  (logic 1.471ns (41.919%)  route 2.038ns (58.081%))
  Logic Levels:           3  (LUT5=1 LUT6=1 OBUF=1)
  Clock Uncertainty:      0.025ns  ((TSJ^2 + TIJ^2)^1/2 + DJ) / 2 + PE
    Total System Jitter     (TSJ):    0.050ns
    Total Input Jitter      (TIJ):    0.000ns
    Discrete Jitter          (DJ):    0.000ns
    Phase Error              (PE):    0.000ns

    Location             Delay type                Incr(ns)  Path(ns)    Netlist Resource(s)
  -------------------------------------------------------------------    -------------------
                         (clock sys_clk rise edge)    0.000     0.000 r  <hidden>
    Y18                                               0.000     0.000 r  clk
                         net (fo=0)                   0.000     0.000    clk
    Y18                  IBUF (Prop_ibuf_I_O)         0.312     0.312 r  clk_IBUF_inst/O
                         net (fo=1, routed)           0.640     0.952    clk_IBUF
    BUFGCTRL_X0Y0        BUFG (Prop_bufg_I_O)         0.026     0.978 r  clk_IBUF_BUFG_inst/O
                         net (fo=254, routed)         0.600     1.578    core/CLK
    SLICE_X82Y65         FDCE                                         r  core/FSM_sequential_state_reg[1]/C
  -------------------------------------------------------------------    -------------------
    SLICE_X82Y65         FDCE (Prop_fdce_C_Q)         0.141     1.719 r  core/FSM_sequential_state_reg[1]/Q
                         net (fo=74, routed)          0.473     2.192    core/state__0[1]
    SLICE_X81Y62         LUT5 (Prop_lut5_I2_O)        0.045     2.237 f  core/seg_OBUF[6]_inst_i_3/O
                         net (fo=7, routed)           0.183     2.420    core/seg_OBUF[6]_inst_i_3_n_0
    SLICE_X78Y61         LUT6 (Prop_lut6_I4_O)        0.045     2.465 r  core/seg_OBUF[5]_inst_i_1/O
                         net (fo=1, routed)           1.382     3.847    seg_OBUF[5]
    R18                  OBUF (Prop_obuf_I_O)         1.240     5.087 r  seg_OBUF[5]_inst/O
                         net (fo=0)                   0.000     5.087    seg[5]
    R18                                                               r  seg[5]
  -------------------------------------------------------------------    -------------------

Slack:                    inf
  Source:                 display/refresh_count_reg[14]/C
                            (rising edge-triggered cell FDCE clocked by sys_clk  {rise@0.000ns fall@10.000ns period=20.000ns})
  Destination:            sel[4]
                            (output port)
  Path Group:             (none)
  Path Type:              Min at Fast Process Corner
  Data Path Delay:        3.529ns  (logic 1.490ns (42.216%)  route 2.039ns (57.784%))
  Logic Levels:           2  (LUT3=1 OBUF=1)
  Clock Uncertainty:      0.025ns  ((TSJ^2 + TIJ^2)^1/2 + DJ) / 2 + PE
    Total System Jitter     (TSJ):    0.050ns
    Total Input Jitter      (TIJ):    0.000ns
    Discrete Jitter          (DJ):    0.000ns
    Phase Error              (PE):    0.000ns

    Location             Delay type                Incr(ns)  Path(ns)    Netlist Resource(s)
  -------------------------------------------------------------------    -------------------
                         (clock sys_clk rise edge)    0.000     0.000 r  <hidden>
    Y18                                               0.000     0.000 r  clk
                         net (fo=0)                   0.000     0.000    clk
    Y18                  IBUF (Prop_ibuf_I_O)         0.312     0.312 r  clk_IBUF_inst/O
                         net (fo=1, routed)           0.640     0.952    clk_IBUF
    BUFGCTRL_X0Y0        BUFG (Prop_bufg_I_O)         0.026     0.978 r  clk_IBUF_BUFG_inst/O
                         net (fo=254, routed)         0.604     1.582    display/CLK
    SLICE_X82Y54         FDCE                                         r  display/refresh_count_reg[14]/C
  -------------------------------------------------------------------    -------------------
    SLICE_X82Y54         FDCE (Prop_fdce_C_Q)         0.141     1.723 r  display/refresh_count_reg[14]/Q
                         net (fo=19, routed)          0.568     2.291    display/scan_index[1]
    SLICE_X80Y64         LUT3 (Prop_lut3_I2_O)        0.045     2.336 r  display/sel_OBUF[4]_inst_i_1/O
                         net (fo=1, routed)           1.471     3.807    sel_OBUF[4]
    AB20                 OBUF (Prop_obuf_I_O)         1.304     5.111 r  sel_OBUF[4]_inst/O
                         net (fo=0)                   0.000     5.111    sel[4]
    AB20                                                              r  sel[4]
  -------------------------------------------------------------------    -------------------

Slack:                    inf
  Source:                 display/refresh_count_reg[14]/C
                            (rising edge-triggered cell FDCE clocked by sys_clk  {rise@0.000ns fall@10.000ns period=20.000ns})
  Destination:            sel[5]
                            (output port)
  Path Group:             (none)
  Path Type:              Min at Fast Process Corner
  Data Path Delay:        3.568ns  (logic 1.475ns (41.357%)  route 2.092ns (58.643%))
  Logic Levels:           2  (LUT3=1 OBUF=1)
  Clock Uncertainty:      0.025ns  ((TSJ^2 + TIJ^2)^1/2 + DJ) / 2 + PE
    Total System Jitter     (TSJ):    0.050ns
    Total Input Jitter      (TIJ):    0.000ns
    Discrete Jitter          (DJ):    0.000ns
    Phase Error              (PE):    0.000ns

    Location             Delay type                Incr(ns)  Path(ns)    Netlist Resource(s)
  -------------------------------------------------------------------    -------------------
                         (clock sys_clk rise edge)    0.000     0.000 r  <hidden>
    Y18                                               0.000     0.000 r  clk
                         net (fo=0)                   0.000     0.000    clk
    Y18                  IBUF (Prop_ibuf_I_O)         0.312     0.312 r  clk_IBUF_inst/O
                         net (fo=1, routed)           0.640     0.952    clk_IBUF
    BUFGCTRL_X0Y0        BUFG (Prop_bufg_I_O)         0.026     0.978 r  clk_IBUF_BUFG_inst/O
                         net (fo=254, routed)         0.604     1.582    display/CLK
    SLICE_X82Y54         FDCE                                         r  display/refresh_count_reg[14]/C
  -------------------------------------------------------------------    -------------------
    SLICE_X82Y54         FDCE (Prop_fdce_C_Q)         0.141     1.723 r  display/refresh_count_reg[14]/Q
                         net (fo=19, routed)          0.567     2.290    display/scan_index[1]
    SLICE_X80Y64         LUT3 (Prop_lut3_I1_O)        0.045     2.335 r  display/sel_OBUF[5]_inst_i_1/O
                         net (fo=1, routed)           1.525     3.860    sel_OBUF[5]
    V17                  OBUF (Prop_obuf_I_O)         1.289     5.149 r  sel_OBUF[5]_inst/O
                         net (fo=0)                   0.000     5.149    sel[5]
    V17                                                               r  sel[5]
  -------------------------------------------------------------------    -------------------

Slack:                    inf
  Source:                 display/refresh_count_reg[14]/C
                            (rising edge-triggered cell FDCE clocked by sys_clk  {rise@0.000ns fall@10.000ns period=20.000ns})
  Destination:            sel[6]
                            (output port)
  Path Group:             (none)
  Path Type:              Min at Fast Process Corner
  Data Path Delay:        3.590ns  (logic 1.552ns (43.220%)  route 2.039ns (56.780%))
  Logic Levels:           2  (LUT3=1 OBUF=1)
  Clock Uncertainty:      0.025ns  ((TSJ^2 + TIJ^2)^1/2 + DJ) / 2 + PE
    Total System Jitter     (TSJ):    0.050ns
    Total Input Jitter      (TIJ):    0.000ns
    Discrete Jitter          (DJ):    0.000ns
    Phase Error              (PE):    0.000ns

    Location             Delay type                Incr(ns)  Path(ns)    Netlist Resource(s)
  -------------------------------------------------------------------    -------------------
                         (clock sys_clk rise edge)    0.000     0.000 r  <hidden>
    Y18                                               0.000     0.000 r  clk
                         net (fo=0)                   0.000     0.000    clk
    Y18                  IBUF (Prop_ibuf_I_O)         0.312     0.312 r  clk_IBUF_inst/O
                         net (fo=1, routed)           0.640     0.952    clk_IBUF
    BUFGCTRL_X0Y0        BUFG (Prop_bufg_I_O)         0.026     0.978 r  clk_IBUF_BUFG_inst/O
                         net (fo=254, routed)         0.604     1.582    display/CLK
    SLICE_X82Y54         FDCE                                         r  display/refresh_count_reg[14]/C
  -------------------------------------------------------------------    -------------------
    SLICE_X82Y54         FDCE (Prop_fdce_C_Q)         0.141     1.723 f  display/refresh_count_reg[14]/Q
                         net (fo=19, routed)          0.568     2.291    display/scan_index[1]
    SLICE_X80Y64         LUT3 (Prop_lut3_I2_O)        0.047     2.338 r  display/sel_OBUF[6]_inst_i_1/O
                         net (fo=1, routed)           1.470     3.808    sel_OBUF[6]
    W17                  OBUF (Prop_obuf_I_O)         1.364     5.172 r  sel_OBUF[6]_inst/O
                         net (fo=0)                   0.000     5.172    sel[6]
    W17                                                               r  sel[6]
  -------------------------------------------------------------------    -------------------





--------------------------------------------------------------------------------------
Path Group:  (none)
From Clock:  
  To Clock:  sys_clk

Max Delay           321 Endpoints
Min Delay           321 Endpoints
--------------------------------------------------------------------------------------


Max Delay Paths
--------------------------------------------------------------------------------------
Slack:                    inf
  Source:                 sw[0]
                            (input port)
  Destination:            core/vend_counter_reg[0]/CE
                            (rising edge-triggered cell FDCE clocked by sys_clk  {rise@0.000ns fall@10.000ns period=20.000ns})
  Path Group:             (none)
  Path Type:              Setup (Max at Slow Process Corner)
  Data Path Delay:        10.482ns  (logic 2.815ns (26.856%)  route 7.667ns (73.144%))
  Logic Levels:           7  (CARRY4=2 IBUF=1 LUT3=1 LUT4=1 LUT6=2)
  Clock Path Skew:        4.451ns (DCD - SCD + CPR)
    Destination Clock Delay (DCD):    4.451ns
    Source Clock Delay      (SCD):    0.000ns
    Clock Pessimism Removal (CPR):    0.000ns
  Clock Uncertainty:      0.025ns  ((TSJ^2 + TIJ^2)^1/2 + DJ) / 2 + PE
    Total System Jitter     (TSJ):    0.050ns
    Total Input Jitter      (TIJ):    0.000ns
    Discrete Jitter          (DJ):    0.000ns
    Phase Error              (PE):    0.000ns

    Location             Delay type                Incr(ns)  Path(ns)    Netlist Resource(s)
  -------------------------------------------------------------------    -------------------
    N14                                               0.000     0.000 r  sw[0]
                         net (fo=0)                   0.000     0.000    sw[0]
    N14                  IBUF (Prop_ibuf_I_O)         1.444     1.444 r  sw_IBUF[0]_inst/O
                         net (fo=18, routed)          4.451     5.895    core/sw_IBUF[0]
    SLICE_X88Y68         LUT3 (Prop_lut3_I2_O)        0.105     6.000 r  core/i__carry__0_i_6__0/O
                         net (fo=1, routed)           0.000     6.000    core/i__carry__0_i_6__0_n_0
    SLICE_X88Y68         CARRY4 (Prop_carry4_S[1]_O[2])
                                                      0.480     6.480 r  core/i__carry__0_i_1__0/O[2]
                         net (fo=5, routed)           0.693     7.173    core/i__carry__0_i_1__0_n_5
    SLICE_X87Y68         LUT4 (Prop_lut4_I3_O)        0.244     7.417 r  core/state0_carry_i_5/O
                         net (fo=1, routed)           0.000     7.417    core/state0_carry_i_5_n_0
    SLICE_X87Y68         CARRY4 (Prop_carry4_S[3]_CO[3])
                                                      0.332     7.749 r  core/state0_carry/CO[3]
                         net (fo=3, routed)           0.855     8.604    core/state0
    SLICE_X83Y67         LUT6 (Prop_lut6_I2_O)        0.105     8.709 r  core/FSM_sequential_state[2]_i_4/O
                         net (fo=5, routed)           0.550     9.259    core/FSM_sequential_state[2]_i_4_n_0
    SLICE_X82Y60         LUT6 (Prop_lut6_I1_O)        0.105     9.364 r  core/vend_counter[31]_i_1/O
                         net (fo=32, routed)          1.118    10.482    core/vend_counter[31]_i_1_n_0
    SLICE_X80Y54         FDCE                                         r  core/vend_counter_reg[0]/CE
  -------------------------------------------------------------------    -------------------

                         (clock sys_clk rise edge)    0.000     0.000 r  <hidden>
    Y18                                               0.000     0.000 r  clk
                         net (fo=0)                   0.000     0.000    clk
    Y18                  IBUF (Prop_ibuf_I_O)         1.409     1.409 r  clk_IBUF_inst/O
                         net (fo=1, routed)           1.620     3.030    clk_IBUF
    BUFGCTRL_X0Y0        BUFG (Prop_bufg_I_O)         0.077     3.107 r  clk_IBUF_BUFG_inst/O
                         net (fo=254, routed)         1.345     4.451    core/CLK
    SLICE_X80Y54         FDCE                                         r  core/vend_counter_reg[0]/C

Slack:                    inf
  Source:                 sw[0]
                            (input port)
  Destination:            core/vend_counter_reg[1]/CE
                            (rising edge-triggered cell FDCE clocked by sys_clk  {rise@0.000ns fall@10.000ns period=20.000ns})
  Path Group:             (none)
  Path Type:              Setup (Max at Slow Process Corner)
  Data Path Delay:        10.482ns  (logic 2.815ns (26.856%)  route 7.667ns (73.144%))
  Logic Levels:           7  (CARRY4=2 IBUF=1 LUT3=1 LUT4=1 LUT6=2)
  Clock Path Skew:        4.451ns (DCD - SCD + CPR)
    Destination Clock Delay (DCD):    4.451ns
    Source Clock Delay      (SCD):    0.000ns
    Clock Pessimism Removal (CPR):    0.000ns
  Clock Uncertainty:      0.025ns  ((TSJ^2 + TIJ^2)^1/2 + DJ) / 2 + PE
    Total System Jitter     (TSJ):    0.050ns
    Total Input Jitter      (TIJ):    0.000ns
    Discrete Jitter          (DJ):    0.000ns
    Phase Error              (PE):    0.000ns

    Location             Delay type                Incr(ns)  Path(ns)    Netlist Resource(s)
  -------------------------------------------------------------------    -------------------
    N14                                               0.000     0.000 r  sw[0]
                         net (fo=0)                   0.000     0.000    sw[0]
    N14                  IBUF (Prop_ibuf_I_O)         1.444     1.444 r  sw_IBUF[0]_inst/O
                         net (fo=18, routed)          4.451     5.895    core/sw_IBUF[0]
    SLICE_X88Y68         LUT3 (Prop_lut3_I2_O)        0.105     6.000 r  core/i__carry__0_i_6__0/O
                         net (fo=1, routed)           0.000     6.000    core/i__carry__0_i_6__0_n_0
    SLICE_X88Y68         CARRY4 (Prop_carry4_S[1]_O[2])
                                                      0.480     6.480 r  core/i__carry__0_i_1__0/O[2]
                         net (fo=5, routed)           0.693     7.173    core/i__carry__0_i_1__0_n_5
    SLICE_X87Y68         LUT4 (Prop_lut4_I3_O)        0.244     7.417 r  core/state0_carry_i_5/O
                         net (fo=1, routed)           0.000     7.417    core/state0_carry_i_5_n_0
    SLICE_X87Y68         CARRY4 (Prop_carry4_S[3]_CO[3])
                                                      0.332     7.749 r  core/state0_carry/CO[3]
                         net (fo=3, routed)           0.855     8.604    core/state0
    SLICE_X83Y67         LUT6 (Prop_lut6_I2_O)        0.105     8.709 r  core/FSM_sequential_state[2]_i_4/O
                         net (fo=5, routed)           0.550     9.259    core/FSM_sequential_state[2]_i_4_n_0
    SLICE_X82Y60         LUT6 (Prop_lut6_I1_O)        0.105     9.364 r  core/vend_counter[31]_i_1/O
                         net (fo=32, routed)          1.118    10.482    core/vend_counter[31]_i_1_n_0
    SLICE_X80Y54         FDCE                                         r  core/vend_counter_reg[1]/CE
  -------------------------------------------------------------------    -------------------

                         (clock sys_clk rise edge)    0.000     0.000 r  <hidden>
    Y18                                               0.000     0.000 r  clk
                         net (fo=0)                   0.000     0.000    clk
    Y18                  IBUF (Prop_ibuf_I_O)         1.409     1.409 r  clk_IBUF_inst/O
                         net (fo=1, routed)           1.620     3.030    clk_IBUF
    BUFGCTRL_X0Y0        BUFG (Prop_bufg_I_O)         0.077     3.107 r  clk_IBUF_BUFG_inst/O
                         net (fo=254, routed)         1.345     4.451    core/CLK
    SLICE_X80Y54         FDCE                                         r  core/vend_counter_reg[1]/C

Slack:                    inf
  Source:                 sw[0]
                            (input port)
  Destination:            core/vend_counter_reg[2]/CE
                            (rising edge-triggered cell FDCE clocked by sys_clk  {rise@0.000ns fall@10.000ns period=20.000ns})
  Path Group:             (none)
  Path Type:              Setup (Max at Slow Process Corner)
  Data Path Delay:        10.482ns  (logic 2.815ns (26.856%)  route 7.667ns (73.144%))
  Logic Levels:           7  (CARRY4=2 IBUF=1 LUT3=1 LUT4=1 LUT6=2)
  Clock Path Skew:        4.451ns (DCD - SCD + CPR)
    Destination Clock Delay (DCD):    4.451ns
    Source Clock Delay      (SCD):    0.000ns
    Clock Pessimism Removal (CPR):    0.000ns
  Clock Uncertainty:      0.025ns  ((TSJ^2 + TIJ^2)^1/2 + DJ) / 2 + PE
    Total System Jitter     (TSJ):    0.050ns
    Total Input Jitter      (TIJ):    0.000ns
    Discrete Jitter          (DJ):    0.000ns
    Phase Error              (PE):    0.000ns

    Location             Delay type                Incr(ns)  Path(ns)    Netlist Resource(s)
  -------------------------------------------------------------------    -------------------
    N14                                               0.000     0.000 r  sw[0]
                         net (fo=0)                   0.000     0.000    sw[0]
    N14                  IBUF (Prop_ibuf_I_O)         1.444     1.444 r  sw_IBUF[0]_inst/O
                         net (fo=18, routed)          4.451     5.895    core/sw_IBUF[0]
    SLICE_X88Y68         LUT3 (Prop_lut3_I2_O)        0.105     6.000 r  core/i__carry__0_i_6__0/O
                         net (fo=1, routed)           0.000     6.000    core/i__carry__0_i_6__0_n_0
    SLICE_X88Y68         CARRY4 (Prop_carry4_S[1]_O[2])
                                                      0.480     6.480 r  core/i__carry__0_i_1__0/O[2]
                         net (fo=5, routed)           0.693     7.173    core/i__carry__0_i_1__0_n_5
    SLICE_X87Y68         LUT4 (Prop_lut4_I3_O)        0.244     7.417 r  core/state0_carry_i_5/O
                         net (fo=1, routed)           0.000     7.417    core/state0_carry_i_5_n_0
    SLICE_X87Y68         CARRY4 (Prop_carry4_S[3]_CO[3])
                                                      0.332     7.749 r  core/state0_carry/CO[3]
                         net (fo=3, routed)           0.855     8.604    core/state0
    SLICE_X83Y67         LUT6 (Prop_lut6_I2_O)        0.105     8.709 r  core/FSM_sequential_state[2]_i_4/O
                         net (fo=5, routed)           0.550     9.259    core/FSM_sequential_state[2]_i_4_n_0
    SLICE_X82Y60         LUT6 (Prop_lut6_I1_O)        0.105     9.364 r  core/vend_counter[31]_i_1/O
                         net (fo=32, routed)          1.118    10.482    core/vend_counter[31]_i_1_n_0
    SLICE_X80Y54         FDCE                                         r  core/vend_counter_reg[2]/CE
  -------------------------------------------------------------------    -------------------

                         (clock sys_clk rise edge)    0.000     0.000 r  <hidden>
    Y18                                               0.000     0.000 r  clk
                         net (fo=0)                   0.000     0.000    clk
    Y18                  IBUF (Prop_ibuf_I_O)         1.409     1.409 r  clk_IBUF_inst/O
                         net (fo=1, routed)           1.620     3.030    clk_IBUF
    BUFGCTRL_X0Y0        BUFG (Prop_bufg_I_O)         0.077     3.107 r  clk_IBUF_BUFG_inst/O
                         net (fo=254, routed)         1.345     4.451    core/CLK
    SLICE_X80Y54         FDCE                                         r  core/vend_counter_reg[2]/C

Slack:                    inf
  Source:                 sw[0]
                            (input port)
  Destination:            core/vend_counter_reg[3]/CE
                            (rising edge-triggered cell FDCE clocked by sys_clk  {rise@0.000ns fall@10.000ns period=20.000ns})
  Path Group:             (none)
  Path Type:              Setup (Max at Slow Process Corner)
  Data Path Delay:        10.482ns  (logic 2.815ns (26.856%)  route 7.667ns (73.144%))
  Logic Levels:           7  (CARRY4=2 IBUF=1 LUT3=1 LUT4=1 LUT6=2)
  Clock Path Skew:        4.451ns (DCD - SCD + CPR)
    Destination Clock Delay (DCD):    4.451ns
    Source Clock Delay      (SCD):    0.000ns
    Clock Pessimism Removal (CPR):    0.000ns
  Clock Uncertainty:      0.025ns  ((TSJ^2 + TIJ^2)^1/2 + DJ) / 2 + PE
    Total System Jitter     (TSJ):    0.050ns
    Total Input Jitter      (TIJ):    0.000ns
    Discrete Jitter          (DJ):    0.000ns
    Phase Error              (PE):    0.000ns

    Location             Delay type                Incr(ns)  Path(ns)    Netlist Resource(s)
  -------------------------------------------------------------------    -------------------
    N14                                               0.000     0.000 r  sw[0]
                         net (fo=0)                   0.000     0.000    sw[0]
    N14                  IBUF (Prop_ibuf_I_O)         1.444     1.444 r  sw_IBUF[0]_inst/O
                         net (fo=18, routed)          4.451     5.895    core/sw_IBUF[0]
    SLICE_X88Y68         LUT3 (Prop_lut3_I2_O)        0.105     6.000 r  core/i__carry__0_i_6__0/O
                         net (fo=1, routed)           0.000     6.000    core/i__carry__0_i_6__0_n_0
    SLICE_X88Y68         CARRY4 (Prop_carry4_S[1]_O[2])
                                                      0.480     6.480 r  core/i__carry__0_i_1__0/O[2]
                         net (fo=5, routed)           0.693     7.173    core/i__carry__0_i_1__0_n_5
    SLICE_X87Y68         LUT4 (Prop_lut4_I3_O)        0.244     7.417 r  core/state0_carry_i_5/O
                         net (fo=1, routed)           0.000     7.417    core/state0_carry_i_5_n_0
    SLICE_X87Y68         CARRY4 (Prop_carry4_S[3]_CO[3])
                                                      0.332     7.749 r  core/state0_carry/CO[3]
                         net (fo=3, routed)           0.855     8.604    core/state0
    SLICE_X83Y67         LUT6 (Prop_lut6_I2_O)        0.105     8.709 r  core/FSM_sequential_state[2]_i_4/O
                         net (fo=5, routed)           0.550     9.259    core/FSM_sequential_state[2]_i_4_n_0
    SLICE_X82Y60         LUT6 (Prop_lut6_I1_O)        0.105     9.364 r  core/vend_counter[31]_i_1/O
                         net (fo=32, routed)          1.118    10.482    core/vend_counter[31]_i_1_n_0
    SLICE_X80Y54         FDCE                                         r  core/vend_counter_reg[3]/CE
  -------------------------------------------------------------------    -------------------

                         (clock sys_clk rise edge)    0.000     0.000 r  <hidden>
    Y18                                               0.000     0.000 r  clk
                         net (fo=0)                   0.000     0.000    clk
    Y18                  IBUF (Prop_ibuf_I_O)         1.409     1.409 r  clk_IBUF_inst/O
                         net (fo=1, routed)           1.620     3.030    clk_IBUF
    BUFGCTRL_X0Y0        BUFG (Prop_bufg_I_O)         0.077     3.107 r  clk_IBUF_BUFG_inst/O
                         net (fo=254, routed)         1.345     4.451    core/CLK
    SLICE_X80Y54         FDCE                                         r  core/vend_counter_reg[3]/C

Slack:                    inf
  Source:                 sw[0]
                            (input port)
  Destination:            core/vend_counter_reg[18]/CE
                            (rising edge-triggered cell FDCE clocked by sys_clk  {rise@0.000ns fall@10.000ns period=20.000ns})
  Path Group:             (none)
  Path Type:              Setup (Max at Slow Process Corner)
  Data Path Delay:        10.383ns  (logic 2.815ns (27.111%)  route 7.568ns (72.889%))
  Logic Levels:           7  (CARRY4=2 IBUF=1 LUT3=1 LUT4=1 LUT6=2)
  Clock Path Skew:        4.447ns (DCD - SCD + CPR)
    Destination Clock Delay (DCD):    4.447ns
    Source Clock Delay      (SCD):    0.000ns
    Clock Pessimism Removal (CPR):    0.000ns
  Clock Uncertainty:      0.025ns  ((TSJ^2 + TIJ^2)^1/2 + DJ) / 2 + PE
    Total System Jitter     (TSJ):    0.050ns
    Total Input Jitter      (TIJ):    0.000ns
    Discrete Jitter          (DJ):    0.000ns
    Phase Error              (PE):    0.000ns

    Location             Delay type                Incr(ns)  Path(ns)    Netlist Resource(s)
  -------------------------------------------------------------------    -------------------
    N14                                               0.000     0.000 r  sw[0]
                         net (fo=0)                   0.000     0.000    sw[0]
    N14                  IBUF (Prop_ibuf_I_O)         1.444     1.444 r  sw_IBUF[0]_inst/O
                         net (fo=18, routed)          4.451     5.895    core/sw_IBUF[0]
    SLICE_X88Y68         LUT3 (Prop_lut3_I2_O)        0.105     6.000 r  core/i__carry__0_i_6__0/O
                         net (fo=1, routed)           0.000     6.000    core/i__carry__0_i_6__0_n_0
    SLICE_X88Y68         CARRY4 (Prop_carry4_S[1]_O[2])
                                                      0.480     6.480 r  core/i__carry__0_i_1__0/O[2]
                         net (fo=5, routed)           0.693     7.173    core/i__carry__0_i_1__0_n_5
    SLICE_X87Y68         LUT4 (Prop_lut4_I3_O)        0.244     7.417 r  core/state0_carry_i_5/O
                         net (fo=1, routed)           0.000     7.417    core/state0_carry_i_5_n_0
    SLICE_X87Y68         CARRY4 (Prop_carry4_S[3]_CO[3])
                                                      0.332     7.749 r  core/state0_carry/CO[3]
                         net (fo=3, routed)           0.855     8.604    core/state0
    SLICE_X83Y67         LUT6 (Prop_lut6_I2_O)        0.105     8.709 r  core/FSM_sequential_state[2]_i_4/O
                         net (fo=5, routed)           0.550     9.259    core/FSM_sequential_state[2]_i_4_n_0
    SLICE_X82Y60         LUT6 (Prop_lut6_I1_O)        0.105     9.364 r  core/vend_counter[31]_i_1/O
                         net (fo=32, routed)          1.020    10.383    core/vend_counter[31]_i_1_n_0
    SLICE_X78Y57         FDCE                                         r  core/vend_counter_reg[18]/CE
  -------------------------------------------------------------------    -------------------

                         (clock sys_clk rise edge)    0.000     0.000 r  <hidden>
    Y18                                               0.000     0.000 r  clk
                         net (fo=0)                   0.000     0.000    clk
    Y18                  IBUF (Prop_ibuf_I_O)         1.409     1.409 r  clk_IBUF_inst/O
                         net (fo=1, routed)           1.620     3.030    clk_IBUF
    BUFGCTRL_X0Y0        BUFG (Prop_bufg_I_O)         0.077     3.107 r  clk_IBUF_BUFG_inst/O
                         net (fo=254, routed)         1.341     4.447    core/CLK
    SLICE_X78Y57         FDCE                                         r  core/vend_counter_reg[18]/C

Slack:                    inf
  Source:                 sw[0]
                            (input port)
  Destination:            core/vend_counter_reg[19]/CE
                            (rising edge-triggered cell FDCE clocked by sys_clk  {rise@0.000ns fall@10.000ns period=20.000ns})
  Path Group:             (none)
  Path Type:              Setup (Max at Slow Process Corner)
  Data Path Delay:        10.383ns  (logic 2.815ns (27.111%)  route 7.568ns (72.889%))
  Logic Levels:           7  (CARRY4=2 IBUF=1 LUT3=1 LUT4=1 LUT6=2)
  Clock Path Skew:        4.447ns (DCD - SCD + CPR)
    Destination Clock Delay (DCD):    4.447ns
    Source Clock Delay      (SCD):    0.000ns
    Clock Pessimism Removal (CPR):    0.000ns
  Clock Uncertainty:      0.025ns  ((TSJ^2 + TIJ^2)^1/2 + DJ) / 2 + PE
    Total System Jitter     (TSJ):    0.050ns
    Total Input Jitter      (TIJ):    0.000ns
    Discrete Jitter          (DJ):    0.000ns
    Phase Error              (PE):    0.000ns

    Location             Delay type                Incr(ns)  Path(ns)    Netlist Resource(s)
  -------------------------------------------------------------------    -------------------
    N14                                               0.000     0.000 r  sw[0]
                         net (fo=0)                   0.000     0.000    sw[0]
    N14                  IBUF (Prop_ibuf_I_O)         1.444     1.444 r  sw_IBUF[0]_inst/O
                         net (fo=18, routed)          4.451     5.895    core/sw_IBUF[0]
    SLICE_X88Y68         LUT3 (Prop_lut3_I2_O)        0.105     6.000 r  core/i__carry__0_i_6__0/O
                         net (fo=1, routed)           0.000     6.000    core/i__carry__0_i_6__0_n_0
    SLICE_X88Y68         CARRY4 (Prop_carry4_S[1]_O[2])
                                                      0.480     6.480 r  core/i__carry__0_i_1__0/O[2]
                         net (fo=5, routed)           0.693     7.173    core/i__carry__0_i_1__0_n_5
    SLICE_X87Y68         LUT4 (Prop_lut4_I3_O)        0.244     7.417 r  core/state0_carry_i_5/O
                         net (fo=1, routed)           0.000     7.417    core/state0_carry_i_5_n_0
    SLICE_X87Y68         CARRY4 (Prop_carry4_S[3]_CO[3])
                                                      0.332     7.749 r  core/state0_carry/CO[3]
                         net (fo=3, routed)           0.855     8.604    core/state0
    SLICE_X83Y67         LUT6 (Prop_lut6_I2_O)        0.105     8.709 r  core/FSM_sequential_state[2]_i_4/O
                         net (fo=5, routed)           0.550     9.259    core/FSM_sequential_state[2]_i_4_n_0
    SLICE_X82Y60         LUT6 (Prop_lut6_I1_O)        0.105     9.364 r  core/vend_counter[31]_i_1/O
                         net (fo=32, routed)          1.020    10.383    core/vend_counter[31]_i_1_n_0
    SLICE_X78Y57         FDCE                                         r  core/vend_counter_reg[19]/CE
  -------------------------------------------------------------------    -------------------

                         (clock sys_clk rise edge)    0.000     0.000 r  <hidden>
    Y18                                               0.000     0.000 r  clk
                         net (fo=0)                   0.000     0.000    clk
    Y18                  IBUF (Prop_ibuf_I_O)         1.409     1.409 r  clk_IBUF_inst/O
                         net (fo=1, routed)           1.620     3.030    clk_IBUF
    BUFGCTRL_X0Y0        BUFG (Prop_bufg_I_O)         0.077     3.107 r  clk_IBUF_BUFG_inst/O
                         net (fo=254, routed)         1.341     4.447    core/CLK
    SLICE_X78Y57         FDCE                                         r  core/vend_counter_reg[19]/C

Slack:                    inf
  Source:                 sw[0]
                            (input port)
  Destination:            core/vend_counter_reg[20]/CE
                            (rising edge-triggered cell FDCE clocked by sys_clk  {rise@0.000ns fall@10.000ns period=20.000ns})
  Path Group:             (none)
  Path Type:              Setup (Max at Slow Process Corner)
  Data Path Delay:        10.383ns  (logic 2.815ns (27.111%)  route 7.568ns (72.889%))
  Logic Levels:           7  (CARRY4=2 IBUF=1 LUT3=1 LUT4=1 LUT6=2)
  Clock Path Skew:        4.447ns (DCD - SCD + CPR)
    Destination Clock Delay (DCD):    4.447ns
    Source Clock Delay      (SCD):    0.000ns
    Clock Pessimism Removal (CPR):    0.000ns
  Clock Uncertainty:      0.025ns  ((TSJ^2 + TIJ^2)^1/2 + DJ) / 2 + PE
    Total System Jitter     (TSJ):    0.050ns
    Total Input Jitter      (TIJ):    0.000ns
    Discrete Jitter          (DJ):    0.000ns
    Phase Error              (PE):    0.000ns

    Location             Delay type                Incr(ns)  Path(ns)    Netlist Resource(s)
  -------------------------------------------------------------------    -------------------
    N14                                               0.000     0.000 r  sw[0]
                         net (fo=0)                   0.000     0.000    sw[0]
    N14                  IBUF (Prop_ibuf_I_O)         1.444     1.444 r  sw_IBUF[0]_inst/O
                         net (fo=18, routed)          4.451     5.895    core/sw_IBUF[0]
    SLICE_X88Y68         LUT3 (Prop_lut3_I2_O)        0.105     6.000 r  core/i__carry__0_i_6__0/O
                         net (fo=1, routed)           0.000     6.000    core/i__carry__0_i_6__0_n_0
    SLICE_X88Y68         CARRY4 (Prop_carry4_S[1]_O[2])
                                                      0.480     6.480 r  core/i__carry__0_i_1__0/O[2]
                         net (fo=5, routed)           0.693     7.173    core/i__carry__0_i_1__0_n_5
    SLICE_X87Y68         LUT4 (Prop_lut4_I3_O)        0.244     7.417 r  core/state0_carry_i_5/O
                         net (fo=1, routed)           0.000     7.417    core/state0_carry_i_5_n_0
    SLICE_X87Y68         CARRY4 (Prop_carry4_S[3]_CO[3])
                                                      0.332     7.749 r  core/state0_carry/CO[3]
                         net (fo=3, routed)           0.855     8.604    core/state0
    SLICE_X83Y67         LUT6 (Prop_lut6_I2_O)        0.105     8.709 r  core/FSM_sequential_state[2]_i_4/O
                         net (fo=5, routed)           0.550     9.259    core/FSM_sequential_state[2]_i_4_n_0
    SLICE_X82Y60         LUT6 (Prop_lut6_I1_O)        0.105     9.364 r  core/vend_counter[31]_i_1/O
                         net (fo=32, routed)          1.020    10.383    core/vend_counter[31]_i_1_n_0
    SLICE_X78Y57         FDCE                                         r  core/vend_counter_reg[20]/CE
  -------------------------------------------------------------------    -------------------

                         (clock sys_clk rise edge)    0.000     0.000 r  <hidden>
    Y18                                               0.000     0.000 r  clk
                         net (fo=0)                   0.000     0.000    clk
    Y18                  IBUF (Prop_ibuf_I_O)         1.409     1.409 r  clk_IBUF_inst/O
                         net (fo=1, routed)           1.620     3.030    clk_IBUF
    BUFGCTRL_X0Y0        BUFG (Prop_bufg_I_O)         0.077     3.107 r  clk_IBUF_BUFG_inst/O
                         net (fo=254, routed)         1.341     4.447    core/CLK
    SLICE_X78Y57         FDCE                                         r  core/vend_counter_reg[20]/C

Slack:                    inf
  Source:                 sw[0]
                            (input port)
  Destination:            core/vend_counter_reg[21]/CE
                            (rising edge-triggered cell FDCE clocked by sys_clk  {rise@0.000ns fall@10.000ns period=20.000ns})
  Path Group:             (none)
  Path Type:              Setup (Max at Slow Process Corner)
  Data Path Delay:        10.383ns  (logic 2.815ns (27.111%)  route 7.568ns (72.889%))
  Logic Levels:           7  (CARRY4=2 IBUF=1 LUT3=1 LUT4=1 LUT6=2)
  Clock Path Skew:        4.447ns (DCD - SCD + CPR)
    Destination Clock Delay (DCD):    4.447ns
    Source Clock Delay      (SCD):    0.000ns
    Clock Pessimism Removal (CPR):    0.000ns
  Clock Uncertainty:      0.025ns  ((TSJ^2 + TIJ^2)^1/2 + DJ) / 2 + PE
    Total System Jitter     (TSJ):    0.050ns
    Total Input Jitter      (TIJ):    0.000ns
    Discrete Jitter          (DJ):    0.000ns
    Phase Error              (PE):    0.000ns

    Location             Delay type                Incr(ns)  Path(ns)    Netlist Resource(s)
  -------------------------------------------------------------------    -------------------
    N14                                               0.000     0.000 r  sw[0]
                         net (fo=0)                   0.000     0.000    sw[0]
    N14                  IBUF (Prop_ibuf_I_O)         1.444     1.444 r  sw_IBUF[0]_inst/O
                         net (fo=18, routed)          4.451     5.895    core/sw_IBUF[0]
    SLICE_X88Y68         LUT3 (Prop_lut3_I2_O)        0.105     6.000 r  core/i__carry__0_i_6__0/O
                         net (fo=1, routed)           0.000     6.000    core/i__carry__0_i_6__0_n_0
    SLICE_X88Y68         CARRY4 (Prop_carry4_S[1]_O[2])
                                                      0.480     6.480 r  core/i__carry__0_i_1__0/O[2]
                         net (fo=5, routed)           0.693     7.173    core/i__carry__0_i_1__0_n_5
    SLICE_X87Y68         LUT4 (Prop_lut4_I3_O)        0.244     7.417 r  core/state0_carry_i_5/O
                         net (fo=1, routed)           0.000     7.417    core/state0_carry_i_5_n_0
    SLICE_X87Y68         CARRY4 (Prop_carry4_S[3]_CO[3])
                                                      0.332     7.749 r  core/state0_carry/CO[3]
                         net (fo=3, routed)           0.855     8.604    core/state0
    SLICE_X83Y67         LUT6 (Prop_lut6_I2_O)        0.105     8.709 r  core/FSM_sequential_state[2]_i_4/O
                         net (fo=5, routed)           0.550     9.259    core/FSM_sequential_state[2]_i_4_n_0
    SLICE_X82Y60         LUT6 (Prop_lut6_I1_O)        0.105     9.364 r  core/vend_counter[31]_i_1/O
                         net (fo=32, routed)          1.020    10.383    core/vend_counter[31]_i_1_n_0
    SLICE_X78Y57         FDCE                                         r  core/vend_counter_reg[21]/CE
  -------------------------------------------------------------------    -------------------

                         (clock sys_clk rise edge)    0.000     0.000 r  <hidden>
    Y18                                               0.000     0.000 r  clk
                         net (fo=0)                   0.000     0.000    clk
    Y18                  IBUF (Prop_ibuf_I_O)         1.409     1.409 r  clk_IBUF_inst/O
                         net (fo=1, routed)           1.620     3.030    clk_IBUF
    BUFGCTRL_X0Y0        BUFG (Prop_bufg_I_O)         0.077     3.107 r  clk_IBUF_BUFG_inst/O
                         net (fo=254, routed)         1.341     4.447    core/CLK
    SLICE_X78Y57         FDCE                                         r  core/vend_counter_reg[21]/C

Slack:                    inf
  Source:                 sw[0]
                            (input port)
  Destination:            core/vend_counter_reg[11]/CE
                            (rising edge-triggered cell FDCE clocked by sys_clk  {rise@0.000ns fall@10.000ns period=20.000ns})
  Path Group:             (none)
  Path Type:              Setup (Max at Slow Process Corner)
  Data Path Delay:        10.374ns  (logic 2.815ns (27.136%)  route 7.559ns (72.864%))
  Logic Levels:           7  (CARRY4=2 IBUF=1 LUT3=1 LUT4=1 LUT6=2)
  Clock Path Skew:        4.451ns (DCD - SCD + CPR)
    Destination Clock Delay (DCD):    4.451ns
    Source Clock Delay      (SCD):    0.000ns
    Clock Pessimism Removal (CPR):    0.000ns
  Clock Uncertainty:      0.025ns  ((TSJ^2 + TIJ^2)^1/2 + DJ) / 2 + PE
    Total System Jitter     (TSJ):    0.050ns
    Total Input Jitter      (TIJ):    0.000ns
    Discrete Jitter          (DJ):    0.000ns
    Phase Error              (PE):    0.000ns

    Location             Delay type                Incr(ns)  Path(ns)    Netlist Resource(s)
  -------------------------------------------------------------------    -------------------
    N14                                               0.000     0.000 r  sw[0]
                         net (fo=0)                   0.000     0.000    sw[0]
    N14                  IBUF (Prop_ibuf_I_O)         1.444     1.444 r  sw_IBUF[0]_inst/O
                         net (fo=18, routed)          4.451     5.895    core/sw_IBUF[0]
    SLICE_X88Y68         LUT3 (Prop_lut3_I2_O)        0.105     6.000 r  core/i__carry__0_i_6__0/O
                         net (fo=1, routed)           0.000     6.000    core/i__carry__0_i_6__0_n_0
    SLICE_X88Y68         CARRY4 (Prop_carry4_S[1]_O[2])
                                                      0.480     6.480 r  core/i__carry__0_i_1__0/O[2]
                         net (fo=5, routed)           0.693     7.173    core/i__carry__0_i_1__0_n_5
    SLICE_X87Y68         LUT4 (Prop_lut4_I3_O)        0.244     7.417 r  core/state0_carry_i_5/O
                         net (fo=1, routed)           0.000     7.417    core/state0_carry_i_5_n_0
    SLICE_X87Y68         CARRY4 (Prop_carry4_S[3]_CO[3])
                                                      0.332     7.749 r  core/state0_carry/CO[3]
                         net (fo=3, routed)           0.855     8.604    core/state0
    SLICE_X83Y67         LUT6 (Prop_lut6_I2_O)        0.105     8.709 r  core/FSM_sequential_state[2]_i_4/O
                         net (fo=5, routed)           0.550     9.259    core/FSM_sequential_state[2]_i_4_n_0
    SLICE_X82Y60         LUT6 (Prop_lut6_I1_O)        0.105     9.364 r  core/vend_counter[31]_i_1/O
                         net (fo=32, routed)          1.010    10.374    core/vend_counter[31]_i_1_n_0
    SLICE_X80Y55         FDCE                                         r  core/vend_counter_reg[11]/CE
  -------------------------------------------------------------------    -------------------

                         (clock sys_clk rise edge)    0.000     0.000 r  <hidden>
    Y18                                               0.000     0.000 r  clk
                         net (fo=0)                   0.000     0.000    clk
    Y18                  IBUF (Prop_ibuf_I_O)         1.409     1.409 r  clk_IBUF_inst/O
                         net (fo=1, routed)           1.620     3.030    clk_IBUF
    BUFGCTRL_X0Y0        BUFG (Prop_bufg_I_O)         0.077     3.107 r  clk_IBUF_BUFG_inst/O
                         net (fo=254, routed)         1.345     4.451    core/CLK
    SLICE_X80Y55         FDCE                                         r  core/vend_counter_reg[11]/C

Slack:                    inf
  Source:                 sw[0]
                            (input port)
  Destination:            core/vend_counter_reg[12]/CE
                            (rising edge-triggered cell FDCE clocked by sys_clk  {rise@0.000ns fall@10.000ns period=20.000ns})
  Path Group:             (none)
  Path Type:              Setup (Max at Slow Process Corner)
  Data Path Delay:        10.374ns  (logic 2.815ns (27.136%)  route 7.559ns (72.864%))
  Logic Levels:           7  (CARRY4=2 IBUF=1 LUT3=1 LUT4=1 LUT6=2)
  Clock Path Skew:        4.451ns (DCD - SCD + CPR)
    Destination Clock Delay (DCD):    4.451ns
    Source Clock Delay      (SCD):    0.000ns
    Clock Pessimism Removal (CPR):    0.000ns
  Clock Uncertainty:      0.025ns  ((TSJ^2 + TIJ^2)^1/2 + DJ) / 2 + PE
    Total System Jitter     (TSJ):    0.050ns
    Total Input Jitter      (TIJ):    0.000ns
    Discrete Jitter          (DJ):    0.000ns
    Phase Error              (PE):    0.000ns

    Location             Delay type                Incr(ns)  Path(ns)    Netlist Resource(s)
  -------------------------------------------------------------------    -------------------
    N14                                               0.000     0.000 r  sw[0]
                         net (fo=0)                   0.000     0.000    sw[0]
    N14                  IBUF (Prop_ibuf_I_O)         1.444     1.444 r  sw_IBUF[0]_inst/O
                         net (fo=18, routed)          4.451     5.895    core/sw_IBUF[0]
    SLICE_X88Y68         LUT3 (Prop_lut3_I2_O)        0.105     6.000 r  core/i__carry__0_i_6__0/O
                         net (fo=1, routed)           0.000     6.000    core/i__carry__0_i_6__0_n_0
    SLICE_X88Y68         CARRY4 (Prop_carry4_S[1]_O[2])
                                                      0.480     6.480 r  core/i__carry__0_i_1__0/O[2]
                         net (fo=5, routed)           0.693     7.173    core/i__carry__0_i_1__0_n_5
    SLICE_X87Y68         LUT4 (Prop_lut4_I3_O)        0.244     7.417 r  core/state0_carry_i_5/O
                         net (fo=1, routed)           0.000     7.417    core/state0_carry_i_5_n_0
    SLICE_X87Y68         CARRY4 (Prop_carry4_S[3]_CO[3])
                                                      0.332     7.749 r  core/state0_carry/CO[3]
                         net (fo=3, routed)           0.855     8.604    core/state0
    SLICE_X83Y67         LUT6 (Prop_lut6_I2_O)        0.105     8.709 r  core/FSM_sequential_state[2]_i_4/O
                         net (fo=5, routed)           0.550     9.259    core/FSM_sequential_state[2]_i_4_n_0
    SLICE_X82Y60         LUT6 (Prop_lut6_I1_O)        0.105     9.364 r  core/vend_counter[31]_i_1/O
                         net (fo=32, routed)          1.010    10.374    core/vend_counter[31]_i_1_n_0
    SLICE_X80Y55         FDCE                                         r  core/vend_counter_reg[12]/CE
  -------------------------------------------------------------------    -------------------

                         (clock sys_clk rise edge)    0.000     0.000 r  <hidden>
    Y18                                               0.000     0.000 r  clk
                         net (fo=0)                   0.000     0.000    clk
    Y18                  IBUF (Prop_ibuf_I_O)         1.409     1.409 r  clk_IBUF_inst/O
                         net (fo=1, routed)           1.620     3.030    clk_IBUF
    BUFGCTRL_X0Y0        BUFG (Prop_bufg_I_O)         0.077     3.107 r  clk_IBUF_BUFG_inst/O
                         net (fo=254, routed)         1.345     4.451    core/CLK
    SLICE_X80Y55         FDCE                                         r  core/vend_counter_reg[12]/C





Min Delay Paths
--------------------------------------------------------------------------------------
Slack:                    inf
  Source:                 key_n[0]
                            (input port)
  Destination:            key1_cond/sync_reg_reg[0]/D
                            (rising edge-triggered cell FDCE clocked by sys_clk  {rise@0.000ns fall@10.000ns period=20.000ns})
  Path Group:             (none)
  Path Type:              Hold (Min at Fast Process Corner)
  Data Path Delay:        1.503ns  (logic 0.317ns (21.099%)  route 1.186ns (78.901%))
  Logic Levels:           2  (IBUF=1 LUT1=1)
  Clock Path Skew:        2.097ns (DCD - SCD - CPR)
    Destination Clock Delay (DCD):    2.097ns
    Source Clock Delay      (SCD):    0.000ns
    Clock Pessimism Removal (CPR):    -0.000ns

    Location             Delay type                Incr(ns)  Path(ns)    Netlist Resource(s)
  -------------------------------------------------------------------    -------------------
    E3                                                0.000     0.000 f  key_n[0]
                         net (fo=0)                   0.000     0.000    key_n[0]
    E3                   IBUF (Prop_ibuf_I_O)         0.272     0.272 f  key_n_IBUF[0]_inst/O
                         net (fo=1, routed)           1.186     1.458    key1_cond/key_n_IBUF[0]
    SLICE_X80Y51         LUT1 (Prop_lut1_I0_O)        0.045     1.503 r  key1_cond/sync_reg[0]_i_1/O
                         net (fo=1, routed)           0.000     1.503    key1_cond/p_1_out[0]
    SLICE_X80Y51         FDCE                                         r  key1_cond/sync_reg_reg[0]/D
  -------------------------------------------------------------------    -------------------

                         (clock sys_clk rise edge)    0.000     0.000 r  <hidden>
    Y18                                               0.000     0.000 r  clk
                         net (fo=0)                   0.000     0.000    clk
    Y18                  IBUF (Prop_ibuf_I_O)         0.501     0.501 r  clk_IBUF_inst/O
                         net (fo=1, routed)           0.695     1.195    clk_IBUF
    BUFGCTRL_X0Y0        BUFG (Prop_bufg_I_O)         0.029     1.224 r  clk_IBUF_BUFG_inst/O
                         net (fo=254, routed)         0.873     2.097    key1_cond/CLK
    SLICE_X80Y51         FDCE                                         r  key1_cond/sync_reg_reg[0]/C

Slack:                    inf
  Source:                 key_n[1]
                            (input port)
  Destination:            key2_cond/sync_reg_reg[0]/D
                            (rising edge-triggered cell FDCE clocked by sys_clk  {rise@0.000ns fall@10.000ns period=20.000ns})
  Path Group:             (none)
  Path Type:              Hold (Min at Fast Process Corner)
  Data Path Delay:        1.627ns  (logic 0.299ns (18.387%)  route 1.328ns (81.613%))
  Logic Levels:           2  (IBUF=1 LUT1=1)
  Clock Path Skew:        2.089ns (DCD - SCD - CPR)
    Destination Clock Delay (DCD):    2.089ns
    Source Clock Delay      (SCD):    0.000ns
    Clock Pessimism Removal (CPR):    -0.000ns

    Location             Delay type                Incr(ns)  Path(ns)    Netlist Resource(s)
  -------------------------------------------------------------------    -------------------
    G4                                                0.000     0.000 f  key_n[1]
                         net (fo=0)                   0.000     0.000    key_n[1]
    G4                   IBUF (Prop_ibuf_I_O)         0.254     0.254 f  key_n_IBUF[1]_inst/O
                         net (fo=1, routed)           1.328     1.582    key2_cond/key_n_IBUF[0]
    SLICE_X72Y53         LUT1 (Prop_lut1_I0_O)        0.045     1.627 r  key2_cond/sync_reg[0]_i_1__0/O
                         net (fo=1, routed)           0.000     1.627    key2_cond/p_1_out[0]
    SLICE_X72Y53         FDCE                                         r  key2_cond/sync_reg_reg[0]/D
  -------------------------------------------------------------------    -------------------

                         (clock sys_clk rise edge)    0.000     0.000 r  <hidden>
    Y18                                               0.000     0.000 r  clk
                         net (fo=0)                   0.000     0.000    clk
    Y18                  IBUF (Prop_ibuf_I_O)         0.501     0.501 r  clk_IBUF_inst/O
                         net (fo=1, routed)           0.695     1.195    clk_IBUF
    BUFGCTRL_X0Y0        BUFG (Prop_bufg_I_O)         0.029     1.224 r  clk_IBUF_BUFG_inst/O
                         net (fo=254, routed)         0.865     2.089    key2_cond/CLK
    SLICE_X72Y53         FDCE                                         r  key2_cond/sync_reg_reg[0]/C

Slack:                    inf
  Source:                 sw[2]
                            (input port)
  Destination:            core/vend_counter_reg[30]/CLR
                            (removal check against rising-edge clock sys_clk  {rise@0.000ns fall@10.000ns period=20.000ns})
  Path Group:             (none)
  Path Type:              Removal (Min at Fast Process Corner)
  Data Path Delay:        1.999ns  (logic 0.302ns (15.125%)  route 1.697ns (84.875%))
  Logic Levels:           2  (IBUF=1 LUT6=1)
  Clock Path Skew:        2.092ns (DCD - SCD - CPR)
    Destination Clock Delay (DCD):    2.092ns
    Source Clock Delay      (SCD):    0.000ns
    Clock Pessimism Removal (CPR):    -0.000ns

    Location             Delay type                Incr(ns)  Path(ns)    Netlist Resource(s)
  -------------------------------------------------------------------    -------------------
    R17                                               0.000     0.000 f  sw[2]
                         net (fo=0)                   0.000     0.000    sw[2]
    R17                  IBUF (Prop_ibuf_I_O)         0.257     0.257 f  sw_IBUF[2]_inst/O
                         net (fo=4, routed)           1.519     1.777    key4_cond/sw_IBUF[2]
    SLICE_X79Y62         LUT6 (Prop_lut6_I1_O)        0.045     1.822 f  key4_cond/sync_reg[1]_i_1/O
                         net (fo=181, routed)         0.177     1.999    core/reset
    SLICE_X78Y60         FDCE                                         f  core/vend_counter_reg[30]/CLR
  -------------------------------------------------------------------    -------------------

                         (clock sys_clk rise edge)    0.000     0.000 r  <hidden>
    Y18                                               0.000     0.000 r  clk
                         net (fo=0)                   0.000     0.000    clk
    Y18                  IBUF (Prop_ibuf_I_O)         0.501     0.501 r  clk_IBUF_inst/O
                         net (fo=1, routed)           0.695     1.195    clk_IBUF
    BUFGCTRL_X0Y0        BUFG (Prop_bufg_I_O)         0.029     1.224 r  clk_IBUF_BUFG_inst/O
                         net (fo=254, routed)         0.868     2.092    core/CLK
    SLICE_X78Y60         FDCE                                         r  core/vend_counter_reg[30]/C

Slack:                    inf
  Source:                 sw[2]
                            (input port)
  Destination:            core/vend_counter_reg[31]/CLR
                            (removal check against rising-edge clock sys_clk  {rise@0.000ns fall@10.000ns period=20.000ns})
  Path Group:             (none)
  Path Type:              Removal (Min at Fast Process Corner)
  Data Path Delay:        1.999ns  (logic 0.302ns (15.125%)  route 1.697ns (84.875%))
  Logic Levels:           2  (IBUF=1 LUT6=1)
  Clock Path Skew:        2.092ns (DCD - SCD - CPR)
    Destination Clock Delay (DCD):    2.092ns
    Source Clock Delay      (SCD):    0.000ns
    Clock Pessimism Removal (CPR):    -0.000ns

    Location             Delay type                Incr(ns)  Path(ns)    Netlist Resource(s)
  -------------------------------------------------------------------    -------------------
    R17                                               0.000     0.000 f  sw[2]
                         net (fo=0)                   0.000     0.000    sw[2]
    R17                  IBUF (Prop_ibuf_I_O)         0.257     0.257 f  sw_IBUF[2]_inst/O
                         net (fo=4, routed)           1.519     1.777    key4_cond/sw_IBUF[2]
    SLICE_X79Y62         LUT6 (Prop_lut6_I1_O)        0.045     1.822 f  key4_cond/sync_reg[1]_i_1/O
                         net (fo=181, routed)         0.177     1.999    core/reset
    SLICE_X78Y60         FDCE                                         f  core/vend_counter_reg[31]/CLR
  -------------------------------------------------------------------    -------------------

                         (clock sys_clk rise edge)    0.000     0.000 r  <hidden>
    Y18                                               0.000     0.000 r  clk
                         net (fo=0)                   0.000     0.000    clk
    Y18                  IBUF (Prop_ibuf_I_O)         0.501     0.501 r  clk_IBUF_inst/O
                         net (fo=1, routed)           0.695     1.195    clk_IBUF
    BUFGCTRL_X0Y0        BUFG (Prop_bufg_I_O)         0.029     1.224 r  clk_IBUF_BUFG_inst/O
                         net (fo=254, routed)         0.868     2.092    core/CLK
    SLICE_X78Y60         FDCE                                         r  core/vend_counter_reg[31]/C

Slack:                    inf
  Source:                 sw[2]
                            (input port)
  Destination:            core/vend_counter_reg[26]/CLR
                            (removal check against rising-edge clock sys_clk  {rise@0.000ns fall@10.000ns period=20.000ns})
  Path Group:             (none)
  Path Type:              Removal (Min at Fast Process Corner)
  Data Path Delay:        2.070ns  (logic 0.302ns (14.609%)  route 1.767ns (85.391%))
  Logic Levels:           2  (IBUF=1 LUT6=1)
  Clock Path Skew:        2.093ns (DCD - SCD - CPR)
    Destination Clock Delay (DCD):    2.093ns
    Source Clock Delay      (SCD):    0.000ns
    Clock Pessimism Removal (CPR):    -0.000ns

    Location             Delay type                Incr(ns)  Path(ns)    Netlist Resource(s)
  -------------------------------------------------------------------    -------------------
    R17                                               0.000     0.000 f  sw[2]
                         net (fo=0)                   0.000     0.000    sw[2]
    R17                  IBUF (Prop_ibuf_I_O)         0.257     0.257 f  sw_IBUF[2]_inst/O
                         net (fo=4, routed)           1.519     1.777    key4_cond/sw_IBUF[2]
    SLICE_X79Y62         LUT6 (Prop_lut6_I1_O)        0.045     1.822 f  key4_cond/sync_reg[1]_i_1/O
                         net (fo=181, routed)         0.248     2.070    core/reset
    SLICE_X78Y59         FDCE                                         f  core/vend_counter_reg[26]/CLR
  -------------------------------------------------------------------    -------------------

                         (clock sys_clk rise edge)    0.000     0.000 r  <hidden>
    Y18                                               0.000     0.000 r  clk
                         net (fo=0)                   0.000     0.000    clk
    Y18                  IBUF (Prop_ibuf_I_O)         0.501     0.501 r  clk_IBUF_inst/O
                         net (fo=1, routed)           0.695     1.195    clk_IBUF
    BUFGCTRL_X0Y0        BUFG (Prop_bufg_I_O)         0.029     1.224 r  clk_IBUF_BUFG_inst/O
                         net (fo=254, routed)         0.869     2.093    core/CLK
    SLICE_X78Y59         FDCE                                         r  core/vend_counter_reg[26]/C

Slack:                    inf
  Source:                 sw[2]
                            (input port)
  Destination:            core/vend_counter_reg[27]/CLR
                            (removal check against rising-edge clock sys_clk  {rise@0.000ns fall@10.000ns period=20.000ns})
  Path Group:             (none)
  Path Type:              Removal (Min at Fast Process Corner)
  Data Path Delay:        2.070ns  (logic 0.302ns (14.609%)  route 1.767ns (85.391%))
  Logic Levels:           2  (IBUF=1 LUT6=1)
  Clock Path Skew:        2.093ns (DCD - SCD - CPR)
    Destination Clock Delay (DCD):    2.093ns
    Source Clock Delay      (SCD):    0.000ns
    Clock Pessimism Removal (CPR):    -0.000ns

    Location             Delay type                Incr(ns)  Path(ns)    Netlist Resource(s)
  -------------------------------------------------------------------    -------------------
    R17                                               0.000     0.000 f  sw[2]
                         net (fo=0)                   0.000     0.000    sw[2]
    R17                  IBUF (Prop_ibuf_I_O)         0.257     0.257 f  sw_IBUF[2]_inst/O
                         net (fo=4, routed)           1.519     1.777    key4_cond/sw_IBUF[2]
    SLICE_X79Y62         LUT6 (Prop_lut6_I1_O)        0.045     1.822 f  key4_cond/sync_reg[1]_i_1/O
                         net (fo=181, routed)         0.248     2.070    core/reset
    SLICE_X78Y59         FDCE                                         f  core/vend_counter_reg[27]/CLR
  -------------------------------------------------------------------    -------------------

                         (clock sys_clk rise edge)    0.000     0.000 r  <hidden>
    Y18                                               0.000     0.000 r  clk
                         net (fo=0)                   0.000     0.000    clk
    Y18                  IBUF (Prop_ibuf_I_O)         0.501     0.501 r  clk_IBUF_inst/O
                         net (fo=1, routed)           0.695     1.195    clk_IBUF
    BUFGCTRL_X0Y0        BUFG (Prop_bufg_I_O)         0.029     1.224 r  clk_IBUF_BUFG_inst/O
                         net (fo=254, routed)         0.869     2.093    core/CLK
    SLICE_X78Y59         FDCE                                         r  core/vend_counter_reg[27]/C

Slack:                    inf
  Source:                 sw[2]
                            (input port)
  Destination:            core/vend_counter_reg[28]/CLR
                            (removal check against rising-edge clock sys_clk  {rise@0.000ns fall@10.000ns period=20.000ns})
  Path Group:             (none)
  Path Type:              Removal (Min at Fast Process Corner)
  Data Path Delay:        2.070ns  (logic 0.302ns (14.609%)  route 1.767ns (85.391%))
  Logic Levels:           2  (IBUF=1 LUT6=1)
  Clock Path Skew:        2.093ns (DCD - SCD - CPR)
    Destination Clock Delay (DCD):    2.093ns
    Source Clock Delay      (SCD):    0.000ns
    Clock Pessimism Removal (CPR):    -0.000ns

    Location             Delay type                Incr(ns)  Path(ns)    Netlist Resource(s)
  -------------------------------------------------------------------    -------------------
    R17                                               0.000     0.000 f  sw[2]
                         net (fo=0)                   0.000     0.000    sw[2]
    R17                  IBUF (Prop_ibuf_I_O)         0.257     0.257 f  sw_IBUF[2]_inst/O
                         net (fo=4, routed)           1.519     1.777    key4_cond/sw_IBUF[2]
    SLICE_X79Y62         LUT6 (Prop_lut6_I1_O)        0.045     1.822 f  key4_cond/sync_reg[1]_i_1/O
                         net (fo=181, routed)         0.248     2.070    core/reset
    SLICE_X78Y59         FDCE                                         f  core/vend_counter_reg[28]/CLR
  -------------------------------------------------------------------    -------------------

                         (clock sys_clk rise edge)    0.000     0.000 r  <hidden>
    Y18                                               0.000     0.000 r  clk
                         net (fo=0)                   0.000     0.000    clk
    Y18                  IBUF (Prop_ibuf_I_O)         0.501     0.501 r  clk_IBUF_inst/O
                         net (fo=1, routed)           0.695     1.195    clk_IBUF
    BUFGCTRL_X0Y0        BUFG (Prop_bufg_I_O)         0.029     1.224 r  clk_IBUF_BUFG_inst/O
                         net (fo=254, routed)         0.869     2.093    core/CLK
    SLICE_X78Y59         FDCE                                         r  core/vend_counter_reg[28]/C

Slack:                    inf
  Source:                 sw[2]
                            (input port)
  Destination:            core/vend_counter_reg[29]/CLR
                            (removal check against rising-edge clock sys_clk  {rise@0.000ns fall@10.000ns period=20.000ns})
  Path Group:             (none)
  Path Type:              Removal (Min at Fast Process Corner)
  Data Path Delay:        2.070ns  (logic 0.302ns (14.609%)  route 1.767ns (85.391%))
  Logic Levels:           2  (IBUF=1 LUT6=1)
  Clock Path Skew:        2.093ns (DCD - SCD - CPR)
    Destination Clock Delay (DCD):    2.093ns
    Source Clock Delay      (SCD):    0.000ns
    Clock Pessimism Removal (CPR):    -0.000ns

    Location             Delay type                Incr(ns)  Path(ns)    Netlist Resource(s)
  -------------------------------------------------------------------    -------------------
    R17                                               0.000     0.000 f  sw[2]
                         net (fo=0)                   0.000     0.000    sw[2]
    R17                  IBUF (Prop_ibuf_I_O)         0.257     0.257 f  sw_IBUF[2]_inst/O
                         net (fo=4, routed)           1.519     1.777    key4_cond/sw_IBUF[2]
    SLICE_X79Y62         LUT6 (Prop_lut6_I1_O)        0.045     1.822 f  key4_cond/sync_reg[1]_i_1/O
                         net (fo=181, routed)         0.248     2.070    core/reset
    SLICE_X78Y59         FDCE                                         f  core/vend_counter_reg[29]/CLR
  -------------------------------------------------------------------    -------------------

                         (clock sys_clk rise edge)    0.000     0.000 r  <hidden>
    Y18                                               0.000     0.000 r  clk
                         net (fo=0)                   0.000     0.000    clk
    Y18                  IBUF (Prop_ibuf_I_O)         0.501     0.501 r  clk_IBUF_inst/O
                         net (fo=1, routed)           0.695     1.195    clk_IBUF
    BUFGCTRL_X0Y0        BUFG (Prop_bufg_I_O)         0.029     1.224 r  clk_IBUF_BUFG_inst/O
                         net (fo=254, routed)         0.869     2.093    core/CLK
    SLICE_X78Y59         FDCE                                         r  core/vend_counter_reg[29]/C

Slack:                    inf
  Source:                 sw[3]
                            (input port)
  Destination:            core/current_product_code_reg[3]/D
                            (rising edge-triggered cell FDCE clocked by sys_clk  {rise@0.000ns fall@10.000ns period=20.000ns})
  Path Group:             (none)
  Path Type:              Hold (Min at Fast Process Corner)
  Data Path Delay:        2.125ns  (logic 0.274ns (12.877%)  route 1.851ns (87.123%))
  Logic Levels:           2  (IBUF=1 LUT6=1)
  Clock Path Skew:        2.096ns (DCD - SCD - CPR)
    Destination Clock Delay (DCD):    2.096ns
    Source Clock Delay      (SCD):    0.000ns
    Clock Pessimism Removal (CPR):    -0.000ns

    Location             Delay type                Incr(ns)  Path(ns)    Netlist Resource(s)
  -------------------------------------------------------------------    -------------------
    N15                                               0.000     0.000 r  sw[3]
                         net (fo=0)                   0.000     0.000    sw[3]
    N15                  IBUF (Prop_ibuf_I_O)         0.229     0.229 r  sw_IBUF[3]_inst/O
                         net (fo=4, routed)           1.851     2.080    core/sw_IBUF[3]
    SLICE_X84Y62         LUT6 (Prop_lut6_I5_O)        0.045     2.125 r  core/current_product_code[3]_i_2/O
                         net (fo=1, routed)           0.000     2.125    core/current_product_code[3]_i_2_n_0
    SLICE_X84Y62         FDCE                                         r  core/current_product_code_reg[3]/D
  -------------------------------------------------------------------    -------------------

                         (clock sys_clk rise edge)    0.000     0.000 r  <hidden>
    Y18                                               0.000     0.000 r  clk
                         net (fo=0)                   0.000     0.000    clk
    Y18                  IBUF (Prop_ibuf_I_O)         0.501     0.501 r  clk_IBUF_inst/O
                         net (fo=1, routed)           0.695     1.195    clk_IBUF
    BUFGCTRL_X0Y0        BUFG (Prop_bufg_I_O)         0.029     1.224 r  clk_IBUF_BUFG_inst/O
                         net (fo=254, routed)         0.872     2.096    core/CLK
    SLICE_X84Y62         FDCE                                         r  core/current_product_code_reg[3]/C

Slack:                    inf
  Source:                 sw[2]
                            (input port)
  Destination:            core/vend_counter_reg[22]/CLR
                            (removal check against rising-edge clock sys_clk  {rise@0.000ns fall@10.000ns period=20.000ns})
  Path Group:             (none)
  Path Type:              Removal (Min at Fast Process Corner)
  Data Path Delay:        2.140ns  (logic 0.302ns (14.127%)  route 1.838ns (85.873%))
  Logic Levels:           2  (IBUF=1 LUT6=1)
  Clock Path Skew:        2.093ns (DCD - SCD - CPR)
    Destination Clock Delay (DCD):    2.093ns
    Source Clock Delay      (SCD):    0.000ns
    Clock Pessimism Removal (CPR):    -0.000ns

    Location             Delay type                Incr(ns)  Path(ns)    Netlist Resource(s)
  -------------------------------------------------------------------    -------------------
    R17                                               0.000     0.000 f  sw[2]
                         net (fo=0)                   0.000     0.000    sw[2]
    R17                  IBUF (Prop_ibuf_I_O)         0.257     0.257 f  sw_IBUF[2]_inst/O
                         net (fo=4, routed)           1.519     1.777    key4_cond/sw_IBUF[2]
    SLICE_X79Y62         LUT6 (Prop_lut6_I1_O)        0.045     1.822 f  key4_cond/sync_reg[1]_i_1/O
                         net (fo=181, routed)         0.318     2.140    core/reset
    SLICE_X78Y58         FDCE                                         f  core/vend_counter_reg[22]/CLR
  -------------------------------------------------------------------    -------------------

                         (clock sys_clk rise edge)    0.000     0.000 r  <hidden>
    Y18                                               0.000     0.000 r  clk
                         net (fo=0)                   0.000     0.000    clk
    Y18                  IBUF (Prop_ibuf_I_O)         0.501     0.501 r  clk_IBUF_inst/O
                         net (fo=1, routed)           0.695     1.195    clk_IBUF
    BUFGCTRL_X0Y0        BUFG (Prop_bufg_I_O)         0.029     1.224 r  clk_IBUF_BUFG_inst/O
                         net (fo=254, routed)         0.869     2.093    core/CLK
    SLICE_X78Y58         FDCE                                         r  core/vend_counter_reg[22]/C





